# system info qsys_top_s10_user_rst_clkgate_0 on 2022.08.29.08:13:46
system_info:
name,value
DEVICE,1SM21CHU2F53E2VG
DEVICE_FAMILY,Stratix 10
GENERATION_ID,0
#
#
# Files generated for qsys_top_s10_user_rst_clkgate_0 on 2022.08.29.08:13:46
files:
filepath,kind,attributes,module,is_top
sim/qsys_top_s10_user_rst_clkgate_0.v,VERILOG,CONTAINS_INLINE_CONFIGURATION,qsys_top_s10_user_rst_clkgate_0,true
altera_s10_user_rst_clkgate_1932/sim/altera_s10_user_rst_clkgate.sv,SYSTEM_VERILOG,,altera_s10_user_rst_clkgate,false
#
# Map from instance-path to kind of module
instances:
instancePath,module
qsys_top_s10_user_rst_clkgate_0.s10_user_rst_clkgate_0,altera_s10_user_rst_clkgate
