<?xml version="1.0" encoding="UTF-8"?>
<deploy
 date="2024.01.31.04:57:09"
 outputDirectory="/tmp/arc_875292257/alt9753_9134007550198864080.dir/0052_hbm_0_gen/qii/ip/ed_synth/ed_synth_ninit_done_splitter/">
 <perimeter>
  <parameter
     name="AUTO_GENERATION_ID"
     type="Integer"
     defaultValue="0"
     onHdl="0"
     affectsHdl="1" />
  <parameter
     name="AUTO_UNIQUE_ID"
     type="String"
     defaultValue=""
     onHdl="0"
     affectsHdl="1" />
  <parameter
     name="AUTO_DEVICE_FAMILY"
     type="String"
     defaultValue="Stratix 10"
     onHdl="0"
     affectsHdl="1" />
  <parameter
     name="AUTO_DEVICE"
     type="String"
     defaultValue="1SM21CHU2F53E2VG"
     onHdl="0"
     affectsHdl="1" />
  <parameter
     name="AUTO_DEVICE_SPEEDGRADE"
     type="String"
     defaultValue="2"
     onHdl="0"
     affectsHdl="1" />
  <parameter
     name="AUTO_BOARD"
     type="String"
     defaultValue="default"
     onHdl="0"
     affectsHdl="1" />
  <interface name="sig_input_if" kind="conduit" start="0">
   <property name="associatedClock" value="" />
   <property name="associatedReset" value="" />
   <property name="prSafe" value="false" />
   <port name="sig_input" direction="input" role="ninit_done" width="1" />
  </interface>
  <interface name="sig_output_if_0" kind="conduit" start="0">
   <property name="associatedClock" value="" />
   <property name="associatedReset" value="" />
   <property name="prSafe" value="false" />
   <port name="sig_output_0" direction="output" role="ninit_done" width="1" />
  </interface>
  <interface name="sig_output_if_1" kind="conduit" start="0">
   <property name="associatedClock" value="" />
   <property name="associatedReset" value="" />
   <property name="prSafe" value="false" />
   <port name="sig_output_1" direction="output" role="ninit_done" width="1" />
  </interface>
 </perimeter>
 <entity
   kind="ed_synth_ninit_done_splitter"
   version="1.0"
   name="ed_synth_ninit_done_splitter">
  <parameter name="AUTO_GENERATION_ID" value="0" />
  <parameter name="AUTO_DEVICE" value="1SM21CHU2F53E2VG" />
  <parameter name="AUTO_DEVICE_FAMILY" value="Stratix 10" />
  <parameter name="AUTO_BOARD" value="default" />
  <parameter name="AUTO_UNIQUE_ID" value="" />
  <parameter name="AUTO_DEVICE_SPEEDGRADE" value="2" />
  <generatedFiles>
   <file
       path="/tmp/arc_875292257/alt9753_9134007550198864080.dir/0052_hbm_0_gen/qii/ip/ed_synth/ed_synth_ninit_done_splitter/synth/ed_synth_ninit_done_splitter.v"
       attributes="CONTAINS_INLINE_CONFIGURATION" />
  </generatedFiles>
  <childGeneratedFiles>
   <file
       path="/tmp/arc_875292257/alt9753_9134007550198864080.dir/0052_hbm_0_gen/qii/ip/ed_synth/ed_synth_ninit_done_splitter/synth/ed_synth_ninit_done_splitter.v"
       attributes="CONTAINS_INLINE_CONFIGURATION" />
  </childGeneratedFiles>
  <sourceFiles>
   <file
       path="/tmp/arc_875292257/alt9753_9134007550198864080.dir/0052_hbm_0_gen/qii/ip/ed_synth/ed_synth_ninit_done_splitter.ip" />
  </sourceFiles>
  <childSourceFiles/>
  <messages>
   <message level="Info" culprit="ed_synth_ninit_done_splitter">"Generating: ed_synth_ninit_done_splitter"</message>
  </messages>
 </entity>
</deploy>
