# system info qsys_top_onchip_memory2_0 on 2023.03.07.10:57:46
system_info:
name,value
DEVICE,1SM21CHU2F53E2VG
DEVICE_FAMILY,Stratix 10
GENERATION_ID,0
#
#
# Files generated for qsys_top_onchip_memory2_0 on 2023.03.07.10:57:46
files:
filepath,kind,attributes,module,is_top
sim/qsys_top_onchip_memory2_0.v,VERILOG,CONTAINS_INLINE_CONFIGURATION,qsys_top_onchip_memory2_0,true
altera_avalon_onchip_memory2_1936/sim/qsys_top_onchip_memory2_0_onchip_memory2_0.hex,HEX,,qsys_top_onchip_memory2_0_altera_avalon_onchip_memory2_1936_a4oigca,false
altera_avalon_onchip_memory2_1936/sim/qsys_top_onchip_memory2_0_altera_avalon_onchip_memory2_1936_a4oigca.v,VERILOG,,qsys_top_onchip_memory2_0_altera_avalon_onchip_memory2_1936_a4oigca,false
#
# Map from instance-path to kind of module
instances:
instancePath,module
qsys_top_onchip_memory2_0.onchip_memory2_0,qsys_top_onchip_memory2_0_altera_avalon_onchip_memory2_1936_a4oigca
