<?xml version="1.0" encoding="UTF-8"?>
<deploy
 date="2023.05.03.04:53:20"
 outputDirectory="/nfs/site/disks/psg_data_14/kweldon/design_files/examples/simulations/hbm_simulation/stratix10/HBM2_Avalon_BFM_Simulation/quartus/qsys/ip/qsys_top/qsys_top_reset/">
 <perimeter>
  <parameter
     name="AUTO_GENERATION_ID"
     type="Integer"
     defaultValue="0"
     onHdl="0"
     affectsHdl="1" />
  <parameter
     name="AUTO_UNIQUE_ID"
     type="String"
     defaultValue=""
     onHdl="0"
     affectsHdl="1" />
  <parameter
     name="AUTO_DEVICE_FAMILY"
     type="String"
     defaultValue="Stratix 10"
     onHdl="0"
     affectsHdl="1" />
  <parameter
     name="AUTO_DEVICE"
     type="String"
     defaultValue="1SM21CHU2F53E2VG"
     onHdl="0"
     affectsHdl="1" />
  <parameter
     name="AUTO_DEVICE_SPEEDGRADE"
     type="String"
     defaultValue="2"
     onHdl="0"
     affectsHdl="1" />
  <interface name="in_reset" kind="reset" start="0">
   <property name="associatedClock" value="" />
   <property name="synchronousEdges" value="NONE" />
   <port name="in_reset" direction="input" role="reset" width="1" />
  </interface>
  <interface name="out_reset" kind="reset" start="1">
   <property name="associatedClock" value="" />
   <property name="associatedDirectReset" value="in_reset" />
   <property name="associatedResetSinks" value="in_reset" />
   <property name="synchronousEdges" value="NONE" />
   <port name="out_reset" direction="output" role="reset" width="1" />
  </interface>
 </perimeter>
 <entity kind="qsys_top_reset" version="1.0" name="qsys_top_reset">
  <parameter name="AUTO_GENERATION_ID" value="0" />
  <parameter name="AUTO_DEVICE" value="1SM21CHU2F53E2VG" />
  <parameter name="AUTO_DEVICE_FAMILY" value="Stratix 10" />
  <parameter name="AUTO_UNIQUE_ID" value="" />
  <parameter name="AUTO_DEVICE_SPEEDGRADE" value="2" />
  <generatedFiles>
   <file
       path="/nfs/site/disks/psg_data_14/kweldon/design_files/examples/simulations/hbm_simulation/stratix10/HBM2_Avalon_BFM_Simulation/quartus/qsys/ip/qsys_top/qsys_top_reset/synth/qsys_top_reset.v"
       attributes="CONTAINS_INLINE_CONFIGURATION" />
  </generatedFiles>
  <childGeneratedFiles>
   <file
       path="/nfs/site/disks/psg_data_14/kweldon/design_files/examples/simulations/hbm_simulation/stratix10/HBM2_Avalon_BFM_Simulation/quartus/qsys/ip/qsys_top/qsys_top_reset/synth/qsys_top_reset.v"
       attributes="CONTAINS_INLINE_CONFIGURATION" />
  </childGeneratedFiles>
  <sourceFiles>
   <file
       path="/nfs/site/disks/psg_data_14/kweldon/design_files/examples/simulations/hbm_simulation/stratix10/HBM2_Avalon_BFM_Simulation/quartus/qsys/ip/qsys_top/qsys_top_reset.ip" />
  </sourceFiles>
  <childSourceFiles/>
  <messages>
   <message level="Info" culprit="qsys_top_reset">"Generating: qsys_top_reset"</message>
  </messages>
 </entity>
</deploy>
