# system info ed_sim_hbm_only_reset_source on 2024.08.06.10:48:01
system_info:
name,value
DEVICE,1SM21CHU2F53E2VG
DEVICE_FAMILY,Stratix 10
GENERATION_ID,0
#
#
# Files generated for ed_sim_hbm_only_reset_source on 2024.08.06.10:48:01
files:
filepath,kind,attributes,module,is_top
sim/ed_sim_hbm_only_reset_source.v,VERILOG,CONTAINS_INLINE_CONFIGURATION,ed_sim_hbm_only_reset_source,true
altera_avalon_reset_source_191/sim/verbosity_pkg.sv,SYSTEM_VERILOG, COMMON_SYSTEMVERILOG_PACKAGE=avalon_vip_verbosity_pkg,altera_avalon_reset_source,false
altera_avalon_reset_source_191/sim/altera_avalon_reset_source.sv,SYSTEM_VERILOG,,altera_avalon_reset_source,false
#
# Map from instance-path to kind of module
instances:
instancePath,module
ed_sim_hbm_only_reset_source.hbm_only_reset_source,altera_avalon_reset_source
