# system info qsys_top_mm_bridge_0 on 2023.03.07.12:50:03
system_info:
name,value
DEVICE,1SM21CHU2F53E2VG
DEVICE_FAMILY,Stratix 10
GENERATION_ID,0
#
#
# Files generated for qsys_top_mm_bridge_0 on 2023.03.07.12:50:03
files:
filepath,kind,attributes,module,is_top
sim/qsys_top_mm_bridge_0.v,VERILOG,CONTAINS_INLINE_CONFIGURATION,qsys_top_mm_bridge_0,true
altera_avalon_mm_bridge_2001/sim/qsys_top_mm_bridge_0_altera_avalon_mm_bridge_2001_k2bg7dq.v,VERILOG,,qsys_top_mm_bridge_0_altera_avalon_mm_bridge_2001_k2bg7dq,false
#
# Map from instance-path to kind of module
instances:
instancePath,module
qsys_top_mm_bridge_0.mm_bridge_0,qsys_top_mm_bridge_0_altera_avalon_mm_bridge_2001_k2bg7dq
