# system info ed_sim_sim_checker on 2023.05.03.09:03:40
system_info:
name,value
DEVICE,1SM21CHU2F53E2VG
DEVICE_FAMILY,Stratix 10
GENERATION_ID,0
#
#
# Files generated for ed_sim_sim_checker on 2023.05.03.09:03:40
files:
filepath,kind,attributes,module,is_top
sim/ed_sim_sim_checker.v,VERILOG,CONTAINS_INLINE_CONFIGURATION,ed_sim_sim_checker,true
altera_emif_sim_checker_191/sim/altera_emif_sim_checker.sv,SYSTEM_VERILOG,,altera_emif_sim_checker,false
#
# Map from instance-path to kind of module
instances:
instancePath,module
ed_sim_sim_checker.sim_checker,altera_emif_sim_checker
