<?xml version="1.0" encoding="UTF-8"?>
<deploy
 date="2022.08.19.18:42:59"
 outputDirectory="C:/SP_520NMXPortOccam/VHDL/RTFiltFPGA1_MX/qsys/ip/qsys_top/qsys_top_SPRegisterBank_MX_0/">
 <perimeter>
  <parameter
     name="AUTO_GENERATION_ID"
     type="Integer"
     defaultValue="0"
     onHdl="0"
     affectsHdl="1" />
  <parameter
     name="AUTO_UNIQUE_ID"
     type="String"
     defaultValue=""
     onHdl="0"
     affectsHdl="1" />
  <parameter
     name="AUTO_DEVICE_FAMILY"
     type="String"
     defaultValue="Stratix 10"
     onHdl="0"
     affectsHdl="1" />
  <parameter
     name="AUTO_DEVICE"
     type="String"
     defaultValue="1SM21CHU2F53E2VG"
     onHdl="0"
     affectsHdl="1" />
  <parameter
     name="AUTO_DEVICE_SPEEDGRADE"
     type="String"
     defaultValue="2"
     onHdl="0"
     affectsHdl="1" />
  <parameter
     name="AUTO_CLOCK_CLOCK_RATE"
     type="Long"
     defaultValue="-1"
     onHdl="0"
     affectsHdl="1" />
  <parameter
     name="AUTO_CLOCK_CLOCK_DOMAIN"
     type="Integer"
     defaultValue="-1"
     onHdl="0"
     affectsHdl="1" />
  <parameter
     name="AUTO_CLOCK_RESET_DOMAIN"
     type="Integer"
     defaultValue="-1"
     onHdl="0"
     affectsHdl="1" />
  <interface name="avalon_slave_0" kind="avalon" start="0">
   <property name="addressAlignment" value="DYNAMIC" />
   <property name="addressGroup" value="0" />
   <property name="addressSpan" value="128" />
   <property name="addressUnits" value="WORDS" />
   <property name="alwaysBurstMaxBurst" value="false" />
   <property name="associatedClock" value="clock" />
   <property name="associatedReset" value="reset" />
   <property name="bitsPerSymbol" value="8" />
   <property name="bridgedAddressOffset" value="0" />
   <property name="bridgesToMaster" value="" />
   <property name="burstOnBurstBoundariesOnly" value="false" />
   <property name="burstcountUnits" value="WORDS" />
   <property name="constantBurstBehavior" value="false" />
   <property name="explicitAddressSpan" value="0" />
   <property name="holdTime" value="0" />
   <property name="interleaveBursts" value="false" />
   <property name="isBigEndian" value="false" />
   <property name="isFlash" value="false" />
   <property name="isMemoryDevice" value="false" />
   <property name="isNonVolatileStorage" value="false" />
   <property name="linewrapBursts" value="false" />
   <property name="maximumPendingReadTransactions" value="0" />
   <property name="maximumPendingWriteTransactions" value="0" />
   <property name="minimumReadLatency" value="1" />
   <property name="minimumResponseLatency" value="1" />
   <property name="minimumUninterruptedRunLength" value="1" />
   <property name="prSafe" value="false" />
   <property name="printableDevice" value="false" />
   <property name="readLatency" value="1" />
   <property name="readWaitStates" value="0" />
   <property name="readWaitTime" value="0" />
   <property name="registerIncomingSignals" value="false" />
   <property name="registerOutgoingSignals" value="false" />
   <property name="setupTime" value="0" />
   <property name="timingUnits" value="Cycles" />
   <property name="transparentBridge" value="false" />
   <property name="waitrequestAllowance" value="0" />
   <property name="wellBehavedWaitrequest" value="false" />
   <property name="writeLatency" value="0" />
   <property name="writeWaitStates" value="0" />
   <property name="writeWaitTime" value="0" />
   <port name="avs_address" direction="input" role="address" width="5" />
   <port name="avs_chipselect" direction="input" role="chipselect" width="1" />
   <port name="avs_read_n" direction="input" role="read_n" width="1" />
   <port name="avs_readdata" direction="output" role="readdata" width="32" />
   <port name="avs_write_n" direction="input" role="write_n" width="1" />
   <port name="avs_writedata" direction="input" role="writedata" width="32" />
  </interface>
  <interface name="clock" kind="clock" start="0">
   <property name="clockRate" value="0" />
   <property name="externallyDriven" value="false" />
   <property name="ptfSchematicName" value="" />
   <port name="clk" direction="input" role="clk" width="1" />
  </interface>
  <interface name="conduit_end_0" kind="conduit" start="0">
   <property name="associatedClock" value="clock" />
   <property name="associatedReset" value="" />
   <property name="prSafe" value="false" />
   <port
       name="coe_fpgaRegRdS"
       direction="output"
       role="coe_fpgaregrds"
       width="17" />
   <port
       name="coe_fpgaRegWrS"
       direction="input"
       role="coe_fpgaregwrs"
       width="1" />
   <port
       name="coe_fpgaRegBuildHash"
       direction="input"
       role="coe_fpgaregbuildhash"
       width="32" />
   <port
       name="coe_fpgaRegBuildTime"
       direction="input"
       role="coe_fpgaregbuildtime"
       width="32" />
  </interface>
  <interface name="reset" kind="reset" start="0">
   <property name="associatedClock" value="clock" />
   <property name="synchronousEdges" value="DEASSERT" />
   <port name="reset_n" direction="input" role="reset_n" width="1" />
  </interface>
 </perimeter>
 <entity
   kind="qsys_top_SPRegisterBank_MX_0"
   version="1.0"
   name="qsys_top_SPRegisterBank_MX_0">
  <parameter name="AUTO_CLOCK_CLOCK_RATE" value="-1" />
  <parameter name="AUTO_CLOCK_CLOCK_DOMAIN" value="-1" />
  <parameter name="AUTO_CLOCK_RESET_DOMAIN" value="-1" />
  <parameter name="AUTO_GENERATION_ID" value="0" />
  <parameter name="AUTO_DEVICE" value="1SM21CHU2F53E2VG" />
  <parameter name="AUTO_DEVICE_FAMILY" value="Stratix 10" />
  <parameter name="AUTO_UNIQUE_ID" value="" />
  <parameter name="AUTO_DEVICE_SPEEDGRADE" value="2" />
  <generatedFiles>
   <file
       path="C:\SP_520NMXPortOccam\VHDL\RTFiltFPGA1_MX\qsys\ip\qsys_top\qsys_top_SPRegisterBank_MX_0\synth\qsys_top_SPRegisterBank_MX_0.vhd"
       attributes="CONTAINS_INLINE_CONFIGURATION" />
  </generatedFiles>
  <childGeneratedFiles>
   <file
       path="C:\SP_520NMXPortOccam\VHDL\RTFiltFPGA1_MX\qsys\ip\qsys_top\qsys_top_SPRegisterBank_MX_0\synth\qsys_top_SPRegisterBank_MX_0.vhd"
       attributes="CONTAINS_INLINE_CONFIGURATION" />
  </childGeneratedFiles>
  <sourceFiles>
   <file
       path="C:/SP_520NMXPortOccam/VHDL/RTFiltFPGA1_MX/qsys/ip/qsys_top/qsys_top_SPRegisterBank_MX_0.ip" />
  </sourceFiles>
  <childSourceFiles>
   <file
       path="C:/SP_520NMXPortOccam/VHDL/RTFiltFPGA1_MX/qsys/SPRegisterBank_MX_hw.tcl" />
  </childSourceFiles>
  <messages>
   <message level="Info" culprit="qsys_top_SPRegisterBank_MX_0">"Generating: qsys_top_SPRegisterBank_MX_0"</message>
   <message level="Info" culprit="qsys_top_SPRegisterBank_MX_0">"Generating: RegisterBank"</message>
  </messages>
 </entity>
 <entity kind="SPRegisterBank_MX" version="1.0" name="RegisterBank">
  <generatedFiles>
   <file
       path="C:\SP_520NMXPortOccam\VHDL\RTFiltFPGA1_MX\qsys\ip\qsys_top\qsys_top_SPRegisterBank_MX_0\SPRegisterBank_MX_10\synth\RegisterBank.vhd"
       attributes="TOP_LEVEL_FILE" />
  </generatedFiles>
  <childGeneratedFiles>
   <file
       path="C:\SP_520NMXPortOccam\VHDL\RTFiltFPGA1_MX\qsys\ip\qsys_top\qsys_top_SPRegisterBank_MX_0\SPRegisterBank_MX_10\synth\RegisterBank.vhd"
       attributes="TOP_LEVEL_FILE" />
  </childGeneratedFiles>
  <sourceFiles>
   <file
       path="C:/SP_520NMXPortOccam/VHDL/RTFiltFPGA1_MX/qsys/SPRegisterBank_MX_hw.tcl" />
  </sourceFiles>
  <childSourceFiles/>
  <instantiator instantiator="qsys_top_SPRegisterBank_MX_0" as="SPRegisterBank_MX_0" />
  <messages>
   <message level="Info" culprit="qsys_top_SPRegisterBank_MX_0">"Generating: RegisterBank"</message>
  </messages>
 </entity>
</deploy>
