# system info ed_synth_tg0_0 on 2023.05.03.11:31:22
system_info:
name,value
DEVICE,1SM21CHU2F53E2VG
DEVICE_FAMILY,Stratix 10
GENERATION_ID,0
#
#
# Files generated for ed_synth_tg0_0 on 2023.05.03.11:31:22
files:
filepath,kind,attributes,module,is_top
sim/ed_synth_tg0_0.v,VERILOG,CONTAINS_INLINE_CONFIGURATION,ed_synth_tg0_0,true
altera_hbm_tg_avl_2240/sim/verbosity_pkg.sv,SYSTEM_VERILOG, COMMON_SYSTEMVERILOG_PACKAGE=avalon_vip_verbosity_pkg,altera_hbm_tg_avl_top,false
altera_hbm_tg_avl_2240/sim/avalon_mm_pkg.sv,SYSTEM_VERILOG, COMMON_SYSTEMVERILOG_PACKAGE=avalon_vip_avalon_mm_pkg,altera_hbm_tg_avl_top,false
altera_hbm_tg_avl_2240/sim/altera_hbm_tg_avl_defs.sv,SYSTEM_VERILOG,,altera_hbm_tg_avl_top,false
altera_hbm_tg_avl_2240/sim/altera_hbm_tg_avl_amm_1x_bridge.sv,SYSTEM_VERILOG,,altera_hbm_tg_avl_top,false
altera_hbm_tg_avl_2240/sim/altera_hbm_tg_avl_block_rw_stage.sv,SYSTEM_VERILOG,,altera_hbm_tg_avl_top,false
altera_hbm_tg_avl_2240/sim/altera_hbm_tg_avl_burst_boundary_addr_gen.sv,SYSTEM_VERILOG,,altera_hbm_tg_avl_top,false
altera_hbm_tg_avl_2240/sim/altera_hbm_tg_avl_byteenable_stage.sv,SYSTEM_VERILOG,,altera_hbm_tg_avl_top,false
altera_hbm_tg_avl_2240/sim/altera_hbm_tg_avl_driver.sv,SYSTEM_VERILOG,,altera_hbm_tg_avl_top,false
altera_hbm_tg_avl_2240/sim/altera_hbm_tg_avl_driver_fsm.sv,SYSTEM_VERILOG,,altera_hbm_tg_avl_top,false
altera_hbm_tg_avl_2240/sim/altera_hbm_tg_avl_driver_simple.sv,SYSTEM_VERILOG,,altera_hbm_tg_avl_top,false
altera_hbm_tg_avl_2240/sim/altera_hbm_tg_avl_lfsr.sv,SYSTEM_VERILOG,,altera_hbm_tg_avl_top,false
altera_hbm_tg_avl_2240/sim/altera_hbm_tg_avl_lfsr_wrapper.sv,SYSTEM_VERILOG,,altera_hbm_tg_avl_top,false
altera_hbm_tg_avl_2240/sim/altera_hbm_tg_avl_mmr_test_stage.sv,SYSTEM_VERILOG,,altera_hbm_tg_avl_top,false
altera_hbm_tg_avl_2240/sim/altera_hbm_tg_avl_rand_addr_gen.sv,SYSTEM_VERILOG,,altera_hbm_tg_avl_top,false
altera_hbm_tg_avl_2240/sim/altera_hbm_tg_avl_rand_burstcount_gen.sv,SYSTEM_VERILOG,,altera_hbm_tg_avl_top,false
altera_hbm_tg_avl_2240/sim/altera_hbm_tg_avl_rand_num_gen.sv,SYSTEM_VERILOG,,altera_hbm_tg_avl_top,false
altera_hbm_tg_avl_2240/sim/altera_hbm_tg_avl_rand_seq_addr_gen.sv,SYSTEM_VERILOG,,altera_hbm_tg_avl_top,false
altera_hbm_tg_avl_2240/sim/altera_hbm_tg_avl_read_compare.sv,SYSTEM_VERILOG,,altera_hbm_tg_avl_top,false
altera_hbm_tg_avl_2240/sim/altera_hbm_tg_avl_reset_sync.sv,SYSTEM_VERILOG,,altera_hbm_tg_avl_top,false
altera_hbm_tg_avl_2240/sim/altera_hbm_tg_avl_scfifo_wrapper.sv,SYSTEM_VERILOG,,altera_hbm_tg_avl_top,false
altera_hbm_tg_avl_2240/sim/altera_hbm_tg_avl_seq_addr_gen.sv,SYSTEM_VERILOG,,altera_hbm_tg_avl_top,false
altera_hbm_tg_avl_2240/sim/altera_hbm_tg_avl_single_rw_stage.sv,SYSTEM_VERILOG,,altera_hbm_tg_avl_top,false
altera_hbm_tg_avl_2240/sim/altera_hbm_tg_avl_template_addr_gen.sv,SYSTEM_VERILOG,,altera_hbm_tg_avl_top,false
altera_hbm_tg_avl_2240/sim/altera_hbm_tg_avl_template_stage.sv,SYSTEM_VERILOG,,altera_hbm_tg_avl_top,false
altera_hbm_tg_avl_2240/sim/altera_hbm_tg_avl_top.sv,SYSTEM_VERILOG,,altera_hbm_tg_avl_top,false
altera_hbm_tg_avl_2240/sim/altera_hbm_tg_avl_avl_mm_if.sv,SYSTEM_VERILOG,,altera_hbm_tg_avl_top,false
altera_hbm_tg_avl_2240/sim/altera_hbm_tg_avl_addr_gen.sv,SYSTEM_VERILOG,,altera_hbm_tg_avl_top,false
#
# Map from instance-path to kind of module
instances:
instancePath,module
ed_synth_tg0_0.tg0_0,altera_hbm_tg_avl_top
