# system info ed_synth_reset_release_ip on 2024.08.06.10:48:15
system_info:
name,value
DEVICE,1SM21CHU2F53E2VG
DEVICE_FAMILY,Stratix 10
GENERATION_ID,0
#
#
# Files generated for ed_synth_reset_release_ip on 2024.08.06.10:48:15
files:
filepath,kind,attributes,module,is_top
sim/ed_synth_reset_release_ip.v,VERILOG,CONTAINS_INLINE_CONFIGURATION,ed_synth_reset_release_ip,true
altera_s10_user_rst_clkgate_1947/sim/altera_s10_user_rst_clkgate.sv,SYSTEM_VERILOG,,altera_s10_user_rst_clkgate,false
#
# Map from instance-path to kind of module
instances:
instancePath,module
ed_synth_reset_release_ip.reset_release_ip,altera_s10_user_rst_clkgate
