# system info qsys_top_iopll_0 on 2023.10.08.06:11:57
system_info:
name,value
DEVICE,1SM21CHU2F53E2VG
DEVICE_FAMILY,Stratix 10
GENERATION_ID,0
#
#
# Files generated for qsys_top_iopll_0 on 2023.10.08.06:11:57
files:
filepath,kind,attributes,module,is_top
sim/qsys_top_iopll_0.v,VERILOG,CONTAINS_INLINE_CONFIGURATION,qsys_top_iopll_0,true
altera_iopll_1931/sim/qsys_top_iopll_0_altera_iopll_1931_4le77iq.vo,VERILOG,,qsys_top_iopll_0_altera_iopll_1931_4le77iq,false
altera_iopll_1931/sim/stratix10_altera_iopll.v,VERILOG,,qsys_top_iopll_0_altera_iopll_1931_4le77iq,false
#
# Map from instance-path to kind of module
instances:
instancePath,module
qsys_top_iopll_0.iopll_0,qsys_top_iopll_0_altera_iopll_1931_4le77iq
