# system info ed_sim_mem on 2023.05.03.11:31:51
system_info:
name,value
DEVICE,1SM21CHU2F53E2VG
DEVICE_FAMILY,Stratix 10
GENERATION_ID,0
#
#
# Files generated for ed_sim_mem on 2023.05.03.11:31:51
files:
filepath,kind,attributes,module,is_top
sim/ed_sim_mem.v,VERILOG,CONTAINS_INLINE_CONFIGURATION,ed_sim_mem,true
altera_hbm_model_1961/sim/altera_hbm_mem.sv,SYSTEM_VERILOG,,altera_hbm_model,false
altera_hbm_model_1961/sim/altera_hbm_model.sv,SYSTEM_VERILOG,,altera_hbm_model,false
#
# Map from instance-path to kind of module
instances:
instancePath,module
ed_sim_mem.mem,altera_hbm_model
