# system info qsys_top on 2024.01.31.04:52:13
system_info:
name,value
DEVICE,1SM21CHU2F53E2VG
DEVICE_FAMILY,Stratix 10
GENERATION_ID,0
#
#
# Files generated for qsys_top on 2024.01.31.04:52:13
files:
filepath,kind,attributes,module,is_top
sim/qsys_top.v,VERILOG,CONTAINS_INLINE_CONFIGURATION,qsys_top,true
altera_mm_interconnect_1920/sim/qsys_top_altera_mm_interconnect_1920_feoymha.v,VERILOG,CONTAINS_INLINE_CONFIGURATION,qsys_top_altera_mm_interconnect_1920_feoymha,false
altera_reset_controller_1922/sim/altera_reset_controller.v,VERILOG,,altera_reset_controller,false
altera_reset_controller_1922/sim/altera_reset_synchronizer.v,VERILOG,,altera_reset_controller,false
altera_reset_controller_1922/sim/altera_reset_controller.sdc,SDC_ENTITY,NO_SDC_PROMOTION,altera_reset_controller,false
altera_merlin_master_translator_192/sim/qsys_top_altera_merlin_master_translator_192_lykd4la.sv,SYSTEM_VERILOG,,qsys_top_altera_merlin_master_translator_192_lykd4la,false
altera_merlin_slave_translator_191/sim/qsys_top_altera_merlin_slave_translator_191_x56fcki.sv,SYSTEM_VERILOG,,qsys_top_altera_merlin_slave_translator_191_x56fcki,false
altera_merlin_master_agent_1921/sim/qsys_top_altera_merlin_master_agent_1921_2inlndi.sv,SYSTEM_VERILOG,,qsys_top_altera_merlin_master_agent_1921_2inlndi,false
altera_merlin_slave_agent_1921/sim/qsys_top_altera_merlin_slave_agent_1921_b6r3djy.sv,SYSTEM_VERILOG,,qsys_top_altera_merlin_slave_agent_1921_b6r3djy,false
altera_merlin_slave_agent_1921/sim/altera_merlin_burst_uncompressor.sv,SYSTEM_VERILOG,,qsys_top_altera_merlin_slave_agent_1921_b6r3djy,false
altera_merlin_router_1921/sim/qsys_top_altera_merlin_router_1921_2d5lbiq.sv,SYSTEM_VERILOG,,qsys_top_altera_merlin_router_1921_2d5lbiq,false
altera_merlin_router_1921/sim/qsys_top_altera_merlin_router_1921_tg5ps2i.sv,SYSTEM_VERILOG,,qsys_top_altera_merlin_router_1921_tg5ps2i,false
altera_merlin_router_1921/sim/qsys_top_altera_merlin_router_1921_v5qytzy.sv,SYSTEM_VERILOG,,qsys_top_altera_merlin_router_1921_v5qytzy,false
altera_merlin_router_1921/sim/qsys_top_altera_merlin_router_1921_qfzhsuy.sv,SYSTEM_VERILOG,,qsys_top_altera_merlin_router_1921_qfzhsuy,false
altera_merlin_traffic_limiter_1921/sim/altera_merlin_reorder_memory.sv,SYSTEM_VERILOG,,qsys_top_altera_merlin_traffic_limiter_1921_pulpjlq,false
altera_merlin_traffic_limiter_1921/sim/altera_avalon_st_pipeline_base.v,SYSTEM_VERILOG,,qsys_top_altera_merlin_traffic_limiter_1921_pulpjlq,false
altera_merlin_traffic_limiter_1921/sim/qsys_top_altera_merlin_traffic_limiter_1921_pulpjlq.sv,SYSTEM_VERILOG,,qsys_top_altera_merlin_traffic_limiter_1921_pulpjlq,false
altera_merlin_demultiplexer_1921/sim/qsys_top_altera_merlin_demultiplexer_1921_dfkbyay.sv,SYSTEM_VERILOG,,qsys_top_altera_merlin_demultiplexer_1921_dfkbyay,false
altera_merlin_demultiplexer_1921/sim/qsys_top_altera_merlin_demultiplexer_1921_dysnttq.sv,SYSTEM_VERILOG,,qsys_top_altera_merlin_demultiplexer_1921_dysnttq,false
altera_merlin_multiplexer_1922/sim/qsys_top_altera_merlin_multiplexer_1922_6gqzcei.sv,SYSTEM_VERILOG,,qsys_top_altera_merlin_multiplexer_1922_6gqzcei,false
altera_merlin_multiplexer_1922/sim/altera_merlin_arbitrator.sv,SYSTEM_VERILOG,,qsys_top_altera_merlin_multiplexer_1922_6gqzcei,false
altera_merlin_multiplexer_1922/sim/qsys_top_altera_merlin_multiplexer_1922_x7o35qa.sv,SYSTEM_VERILOG,,qsys_top_altera_merlin_multiplexer_1922_x7o35qa,false
altera_merlin_multiplexer_1922/sim/altera_merlin_arbitrator.sv,SYSTEM_VERILOG,,qsys_top_altera_merlin_multiplexer_1922_x7o35qa,false
altera_merlin_demultiplexer_1921/sim/qsys_top_altera_merlin_demultiplexer_1921_643yw4a.sv,SYSTEM_VERILOG,,qsys_top_altera_merlin_demultiplexer_1921_643yw4a,false
altera_merlin_multiplexer_1922/sim/qsys_top_altera_merlin_multiplexer_1922_h22sc7i.sv,SYSTEM_VERILOG,,qsys_top_altera_merlin_multiplexer_1922_h22sc7i,false
altera_merlin_multiplexer_1922/sim/altera_merlin_arbitrator.sv,SYSTEM_VERILOG,,qsys_top_altera_merlin_multiplexer_1922_h22sc7i,false
altera_merlin_multiplexer_1922/sim/qsys_top_altera_merlin_multiplexer_1922_bwi734i.sv,SYSTEM_VERILOG,,qsys_top_altera_merlin_multiplexer_1922_bwi734i,false
altera_merlin_multiplexer_1922/sim/altera_merlin_arbitrator.sv,SYSTEM_VERILOG,,qsys_top_altera_merlin_multiplexer_1922_bwi734i,false
altera_merlin_traffic_limiter_1921/sim/qsys_top_altera_merlin_traffic_limiter_altera_avalon_sc_fifo_1921_v26n5jy.v,VERILOG,CONTAINS_INLINE_CONFIGURATION,qsys_top_altera_merlin_traffic_limiter_altera_avalon_sc_fifo_1921_v26n5jy,false
altera_avalon_sc_fifo_1931/sim/qsys_top_altera_avalon_sc_fifo_1931_vhmcgqy.v,VERILOG,,qsys_top_altera_avalon_sc_fifo_1931_vhmcgqy,false
#
# Map from instance-path to kind of module
instances:
instancePath,module
qsys_top.ch_0_0_master,ch_0_0_master
qsys_top.ch_0_1_master,ch_0_0_master
qsys_top.hbm_top,qsys_top_hbm_0
qsys_top.reset,qsys_top_reset
qsys_top.top_core_clk_iopll,qsys_top_iopll_0
qsys_top.mm_interconnect_0,qsys_top_altera_mm_interconnect_1920_feoymha
qsys_top.mm_interconnect_0.ch_0_0_master_m0_translator,qsys_top_altera_merlin_master_translator_192_lykd4la
qsys_top.mm_interconnect_0.ch_0_1_master_m0_translator,qsys_top_altera_merlin_master_translator_192_lykd4la
qsys_top.mm_interconnect_0.hbm_top_ctrl_amm_0_0_translator,qsys_top_altera_merlin_slave_translator_191_x56fcki
qsys_top.mm_interconnect_0.hbm_top_ctrl_amm_0_1_translator,qsys_top_altera_merlin_slave_translator_191_x56fcki
qsys_top.mm_interconnect_0.ch_0_0_master_m0_agent,qsys_top_altera_merlin_master_agent_1921_2inlndi
qsys_top.mm_interconnect_0.ch_0_1_master_m0_agent,qsys_top_altera_merlin_master_agent_1921_2inlndi
qsys_top.mm_interconnect_0.hbm_top_ctrl_amm_0_0_agent,qsys_top_altera_merlin_slave_agent_1921_b6r3djy
qsys_top.mm_interconnect_0.hbm_top_ctrl_amm_0_1_agent,qsys_top_altera_merlin_slave_agent_1921_b6r3djy
qsys_top.mm_interconnect_0.hbm_top_ctrl_amm_0_0_agent_rsp_fifo,qsys_top_altera_avalon_sc_fifo_1931_vhmcgqy
qsys_top.mm_interconnect_0.hbm_top_ctrl_amm_0_1_agent_rsp_fifo,qsys_top_altera_avalon_sc_fifo_1931_vhmcgqy
qsys_top.mm_interconnect_0.router,qsys_top_altera_merlin_router_1921_2d5lbiq
qsys_top.mm_interconnect_0.router_001,qsys_top_altera_merlin_router_1921_tg5ps2i
qsys_top.mm_interconnect_0.router_002,qsys_top_altera_merlin_router_1921_v5qytzy
qsys_top.mm_interconnect_0.router_003,qsys_top_altera_merlin_router_1921_qfzhsuy
qsys_top.mm_interconnect_0.ch_0_1_master_m0_limiter,qsys_top_altera_merlin_traffic_limiter_1921_pulpjlq
qsys_top.mm_interconnect_0.ch_0_1_master_m0_limiter.my_altera_avalon_sc_fifo_dest_id_fifo,qsys_top_altera_merlin_traffic_limiter_altera_avalon_sc_fifo_1921_v26n5jy
qsys_top.mm_interconnect_0.ch_0_1_master_m0_limiter.my_altera_avalon_sc_fifo_dest_id_fifo.my_altera_avalon_sc_fifo_dest_id_fifo,qsys_top_altera_avalon_sc_fifo_1931_vhmcgqy
qsys_top.mm_interconnect_0.cmd_demux,qsys_top_altera_merlin_demultiplexer_1921_dfkbyay
qsys_top.mm_interconnect_0.rsp_demux_001,qsys_top_altera_merlin_demultiplexer_1921_dfkbyay
qsys_top.mm_interconnect_0.cmd_demux_001,qsys_top_altera_merlin_demultiplexer_1921_dysnttq
qsys_top.mm_interconnect_0.cmd_mux,qsys_top_altera_merlin_multiplexer_1922_6gqzcei
qsys_top.mm_interconnect_0.cmd_mux_001,qsys_top_altera_merlin_multiplexer_1922_x7o35qa
qsys_top.mm_interconnect_0.rsp_demux,qsys_top_altera_merlin_demultiplexer_1921_643yw4a
qsys_top.mm_interconnect_0.rsp_mux,qsys_top_altera_merlin_multiplexer_1922_h22sc7i
qsys_top.mm_interconnect_0.rsp_mux_001,qsys_top_altera_merlin_multiplexer_1922_bwi734i
qsys_top.rst_controller,altera_reset_controller
qsys_top.rst_controller_001,altera_reset_controller
qsys_top.rst_controller_002,altera_reset_controller
