# system info qsys_top on 2024.08.06.10:49:53
system_info:
name,value
DEVICE,1SM21CHU2F53E2VG
DEVICE_FAMILY,Stratix 10
GENERATION_ID,0
#
#
# Files generated for qsys_top on 2024.08.06.10:49:53
files:
filepath,kind,attributes,module,is_top
sim/qsys_top.v,VERILOG,CONTAINS_INLINE_CONFIGURATION,qsys_top,true
altera_mm_interconnect_1920/sim/qsys_top_altera_mm_interconnect_1920_hafuekq.v,VERILOG,CONTAINS_INLINE_CONFIGURATION,qsys_top_altera_mm_interconnect_1920_hafuekq,false
altera_reset_controller_1922/sim/altera_reset_controller.v,VERILOG,,altera_reset_controller,false
altera_reset_controller_1922/sim/altera_reset_synchronizer.v,VERILOG,,altera_reset_controller,false
altera_reset_controller_1922/sim/altera_reset_controller.sdc,SDC_ENTITY,NO_SDC_PROMOTION,altera_reset_controller,false
altera_merlin_master_translator_192/sim/qsys_top_altera_merlin_master_translator_192_54w642y.sv,SYSTEM_VERILOG,,qsys_top_altera_merlin_master_translator_192_54w642y,false
altera_merlin_slave_translator_191/sim/qsys_top_altera_merlin_slave_translator_191_xg7rzxi.sv,SYSTEM_VERILOG,,qsys_top_altera_merlin_slave_translator_191_xg7rzxi,false
altera_merlin_master_agent_1930/sim/qsys_top_altera_merlin_master_agent_1930_l64uqry.sv,SYSTEM_VERILOG,,qsys_top_altera_merlin_master_agent_1930_l64uqry,false
altera_merlin_slave_agent_1930/sim/qsys_top_altera_merlin_slave_agent_1930_jxauz3i.sv,SYSTEM_VERILOG,,qsys_top_altera_merlin_slave_agent_1930_jxauz3i,false
altera_merlin_slave_agent_1930/sim/altera_merlin_burst_uncompressor.sv,SYSTEM_VERILOG,,qsys_top_altera_merlin_slave_agent_1930_jxauz3i,false
altera_merlin_router_1921/sim/qsys_top_altera_merlin_router_1921_pj2ys6y.sv,SYSTEM_VERILOG,,qsys_top_altera_merlin_router_1921_pj2ys6y,false
altera_merlin_router_1921/sim/qsys_top_altera_merlin_router_1921_zbiagxq.sv,SYSTEM_VERILOG,,qsys_top_altera_merlin_router_1921_zbiagxq,false
altera_merlin_router_1921/sim/qsys_top_altera_merlin_router_1921_vzos25y.sv,SYSTEM_VERILOG,,qsys_top_altera_merlin_router_1921_vzos25y,false
altera_merlin_router_1921/sim/qsys_top_altera_merlin_router_1921_x3tf5jy.sv,SYSTEM_VERILOG,,qsys_top_altera_merlin_router_1921_x3tf5jy,false
altera_merlin_traffic_limiter_1921/sim/altera_merlin_reorder_memory.sv,SYSTEM_VERILOG,,qsys_top_altera_merlin_traffic_limiter_1921_p3fvlba,false
altera_merlin_traffic_limiter_1921/sim/altera_avalon_st_pipeline_base.v,SYSTEM_VERILOG,,qsys_top_altera_merlin_traffic_limiter_1921_p3fvlba,false
altera_merlin_traffic_limiter_1921/sim/qsys_top_altera_merlin_traffic_limiter_1921_p3fvlba.sv,SYSTEM_VERILOG,,qsys_top_altera_merlin_traffic_limiter_1921_p3fvlba,false
altera_merlin_demultiplexer_1921/sim/qsys_top_altera_merlin_demultiplexer_1921_eqfsk3a.sv,SYSTEM_VERILOG,,qsys_top_altera_merlin_demultiplexer_1921_eqfsk3a,false
altera_merlin_demultiplexer_1921/sim/qsys_top_altera_merlin_demultiplexer_1921_3eoj7wq.sv,SYSTEM_VERILOG,,qsys_top_altera_merlin_demultiplexer_1921_3eoj7wq,false
altera_merlin_multiplexer_1922/sim/qsys_top_altera_merlin_multiplexer_1922_ns3kpqi.sv,SYSTEM_VERILOG,,qsys_top_altera_merlin_multiplexer_1922_ns3kpqi,false
altera_merlin_multiplexer_1922/sim/altera_merlin_arbitrator.sv,SYSTEM_VERILOG,,qsys_top_altera_merlin_multiplexer_1922_ns3kpqi,false
altera_merlin_multiplexer_1922/sim/qsys_top_altera_merlin_multiplexer_1922_mxpr3oi.sv,SYSTEM_VERILOG,,qsys_top_altera_merlin_multiplexer_1922_mxpr3oi,false
altera_merlin_multiplexer_1922/sim/altera_merlin_arbitrator.sv,SYSTEM_VERILOG,,qsys_top_altera_merlin_multiplexer_1922_mxpr3oi,false
altera_merlin_demultiplexer_1921/sim/qsys_top_altera_merlin_demultiplexer_1921_o5xawxa.sv,SYSTEM_VERILOG,,qsys_top_altera_merlin_demultiplexer_1921_o5xawxa,false
altera_merlin_multiplexer_1922/sim/qsys_top_altera_merlin_multiplexer_1922_mle6hey.sv,SYSTEM_VERILOG,,qsys_top_altera_merlin_multiplexer_1922_mle6hey,false
altera_merlin_multiplexer_1922/sim/altera_merlin_arbitrator.sv,SYSTEM_VERILOG,,qsys_top_altera_merlin_multiplexer_1922_mle6hey,false
altera_merlin_multiplexer_1922/sim/qsys_top_altera_merlin_multiplexer_1922_nk2a5ji.sv,SYSTEM_VERILOG,,qsys_top_altera_merlin_multiplexer_1922_nk2a5ji,false
altera_merlin_multiplexer_1922/sim/altera_merlin_arbitrator.sv,SYSTEM_VERILOG,,qsys_top_altera_merlin_multiplexer_1922_nk2a5ji,false
altera_merlin_traffic_limiter_1921/sim/qsys_top_altera_merlin_traffic_limiter_altera_avalon_sc_fifo_1921_a53nykq.v,VERILOG,CONTAINS_INLINE_CONFIGURATION,qsys_top_altera_merlin_traffic_limiter_altera_avalon_sc_fifo_1921_a53nykq,false
altera_avalon_sc_fifo_1932/sim/qsys_top_altera_avalon_sc_fifo_1932_22gxxgi.v,VERILOG,,qsys_top_altera_avalon_sc_fifo_1932_22gxxgi,false
#
# Map from instance-path to kind of module
instances:
instancePath,module
qsys_top.ch_0_0_master,ch_0_0_master
qsys_top.ch_0_1_master,ch_0_0_master
qsys_top.hbm_top,qsys_top_hbm_0
qsys_top.reset,qsys_top_reset
qsys_top.top_core_clk_iopll,qsys_top_iopll_0
qsys_top.mm_interconnect_0,qsys_top_altera_mm_interconnect_1920_hafuekq
qsys_top.mm_interconnect_0.ch_0_0_master_m0_translator,qsys_top_altera_merlin_master_translator_192_54w642y
qsys_top.mm_interconnect_0.ch_0_1_master_m0_translator,qsys_top_altera_merlin_master_translator_192_54w642y
qsys_top.mm_interconnect_0.hbm_top_ctrl_amm_0_0_translator,qsys_top_altera_merlin_slave_translator_191_xg7rzxi
qsys_top.mm_interconnect_0.hbm_top_ctrl_amm_0_1_translator,qsys_top_altera_merlin_slave_translator_191_xg7rzxi
qsys_top.mm_interconnect_0.ch_0_0_master_m0_agent,qsys_top_altera_merlin_master_agent_1930_l64uqry
qsys_top.mm_interconnect_0.ch_0_1_master_m0_agent,qsys_top_altera_merlin_master_agent_1930_l64uqry
qsys_top.mm_interconnect_0.hbm_top_ctrl_amm_0_0_agent,qsys_top_altera_merlin_slave_agent_1930_jxauz3i
qsys_top.mm_interconnect_0.hbm_top_ctrl_amm_0_1_agent,qsys_top_altera_merlin_slave_agent_1930_jxauz3i
qsys_top.mm_interconnect_0.hbm_top_ctrl_amm_0_0_agent_rsp_fifo,qsys_top_altera_avalon_sc_fifo_1932_22gxxgi
qsys_top.mm_interconnect_0.hbm_top_ctrl_amm_0_1_agent_rsp_fifo,qsys_top_altera_avalon_sc_fifo_1932_22gxxgi
qsys_top.mm_interconnect_0.router,qsys_top_altera_merlin_router_1921_pj2ys6y
qsys_top.mm_interconnect_0.router_001,qsys_top_altera_merlin_router_1921_zbiagxq
qsys_top.mm_interconnect_0.router_002,qsys_top_altera_merlin_router_1921_vzos25y
qsys_top.mm_interconnect_0.router_003,qsys_top_altera_merlin_router_1921_x3tf5jy
qsys_top.mm_interconnect_0.ch_0_1_master_m0_limiter,qsys_top_altera_merlin_traffic_limiter_1921_p3fvlba
qsys_top.mm_interconnect_0.ch_0_1_master_m0_limiter.my_altera_avalon_sc_fifo_dest_id_fifo,qsys_top_altera_merlin_traffic_limiter_altera_avalon_sc_fifo_1921_a53nykq
qsys_top.mm_interconnect_0.ch_0_1_master_m0_limiter.my_altera_avalon_sc_fifo_dest_id_fifo.my_altera_avalon_sc_fifo_dest_id_fifo,qsys_top_altera_avalon_sc_fifo_1932_22gxxgi
qsys_top.mm_interconnect_0.cmd_demux,qsys_top_altera_merlin_demultiplexer_1921_eqfsk3a
qsys_top.mm_interconnect_0.rsp_demux_001,qsys_top_altera_merlin_demultiplexer_1921_eqfsk3a
qsys_top.mm_interconnect_0.cmd_demux_001,qsys_top_altera_merlin_demultiplexer_1921_3eoj7wq
qsys_top.mm_interconnect_0.cmd_mux,qsys_top_altera_merlin_multiplexer_1922_ns3kpqi
qsys_top.mm_interconnect_0.cmd_mux_001,qsys_top_altera_merlin_multiplexer_1922_mxpr3oi
qsys_top.mm_interconnect_0.rsp_demux,qsys_top_altera_merlin_demultiplexer_1921_o5xawxa
qsys_top.mm_interconnect_0.rsp_mux,qsys_top_altera_merlin_multiplexer_1922_mle6hey
qsys_top.mm_interconnect_0.rsp_mux_001,qsys_top_altera_merlin_multiplexer_1922_nk2a5ji
qsys_top.rst_controller,altera_reset_controller
qsys_top.rst_controller_001,altera_reset_controller
qsys_top.rst_controller_002,altera_reset_controller
