# system info qsys_top_intel_onchip_memory_0 on 2022.08.29.08:13:45
system_info:
name,value
DEVICE,1SM21CHU2F53E2VG
DEVICE_FAMILY,Stratix 10
GENERATION_ID,0
#
#
# Files generated for qsys_top_intel_onchip_memory_0 on 2022.08.29.08:13:45
files:
filepath,kind,attributes,module,is_top
sim/qsys_top_intel_onchip_memory_0.v,VERILOG,CONTAINS_INLINE_CONFIGURATION,qsys_top_intel_onchip_memory_0,true
intel_onchip_memory_110/sim/qsys_top_intel_onchip_memory_0_intel_onchip_memory_110_bugbxqa.sv,SYSTEM_VERILOG,,qsys_top_intel_onchip_memory_0_intel_onchip_memory_110_bugbxqa,false
#
# Map from instance-path to kind of module
instances:
instancePath,module
qsys_top_intel_onchip_memory_0.intel_onchip_memory_0,qsys_top_intel_onchip_memory_0_intel_onchip_memory_110_bugbxqa
