<?xml version="1.0" encoding="UTF-8"?>
<deploy
 date="2024.01.31.04:57:11"
 outputDirectory="/tmp/arc_875292257/alt9753_9134007550198864080.dir/0052_hbm_0_gen/qii/ip/ed_synth/ed_synth_reset_release_ip/">
 <perimeter>
  <parameter
     name="AUTO_GENERATION_ID"
     type="Integer"
     defaultValue="0"
     onHdl="0"
     affectsHdl="1" />
  <parameter
     name="AUTO_UNIQUE_ID"
     type="String"
     defaultValue=""
     onHdl="0"
     affectsHdl="1" />
  <parameter
     name="AUTO_DEVICE_FAMILY"
     type="String"
     defaultValue="Stratix 10"
     onHdl="0"
     affectsHdl="1" />
  <parameter
     name="AUTO_DEVICE"
     type="String"
     defaultValue="1SM21CHU2F53E2VG"
     onHdl="0"
     affectsHdl="1" />
  <parameter
     name="AUTO_DEVICE_SPEEDGRADE"
     type="String"
     defaultValue="2"
     onHdl="0"
     affectsHdl="1" />
  <parameter
     name="AUTO_BOARD"
     type="String"
     defaultValue="default"
     onHdl="0"
     affectsHdl="1" />
  <interface name="ninit_done" kind="conduit" start="0">
   <property name="associatedClock" value="" />
   <property name="associatedReset" value="" />
   <property name="prSafe" value="false" />
   <port name="ninit_done" direction="output" role="ninit_done" width="1" />
  </interface>
 </perimeter>
 <entity
   kind="ed_synth_reset_release_ip"
   version="1.0"
   name="ed_synth_reset_release_ip">
  <parameter name="AUTO_GENERATION_ID" value="0" />
  <parameter name="AUTO_DEVICE" value="1SM21CHU2F53E2VG" />
  <parameter name="AUTO_DEVICE_FAMILY" value="Stratix 10" />
  <parameter name="AUTO_BOARD" value="default" />
  <parameter name="AUTO_UNIQUE_ID" value="" />
  <parameter name="AUTO_DEVICE_SPEEDGRADE" value="2" />
  <generatedFiles>
   <file
       path="/tmp/arc_875292257/alt9753_9134007550198864080.dir/0052_hbm_0_gen/qii/ip/ed_synth/ed_synth_reset_release_ip/synth/ed_synth_reset_release_ip.v"
       attributes="CONTAINS_INLINE_CONFIGURATION" />
  </generatedFiles>
  <childGeneratedFiles>
   <file
       path="/tmp/arc_875292257/alt9753_9134007550198864080.dir/0052_hbm_0_gen/qii/ip/ed_synth/ed_synth_reset_release_ip/synth/ed_synth_reset_release_ip.v"
       attributes="CONTAINS_INLINE_CONFIGURATION" />
  </childGeneratedFiles>
  <sourceFiles>
   <file
       path="/tmp/arc_875292257/alt9753_9134007550198864080.dir/0052_hbm_0_gen/qii/ip/ed_synth/ed_synth_reset_release_ip.ip" />
  </sourceFiles>
  <childSourceFiles>
   <file
       path="/nfs/site/disks/swbld_archive_4/acds/23.4/79/linux64/ip/altera/pgm/altera_s10_user_rst_clkgate/altera_s10_user_rst_clkgate_hw.tcl" />
  </childSourceFiles>
  <messages>
   <message level="Info" culprit="ed_synth_reset_release_ip">"Generating: ed_synth_reset_release_ip"</message>
   <message level="Info" culprit="ed_synth_reset_release_ip">"Generating: altera_s10_user_rst_clkgate"</message>
   <message level="Info" culprit="reset_release_ip">generating top-level entity altera_s10_user_rst_clkgate</message>
  </messages>
 </entity>
 <entity
   kind="altera_s10_user_rst_clkgate"
   version="19.4.7"
   name="altera_s10_user_rst_clkgate">
  <parameter name="DEVICE_FAMILY" value="Stratix 10" />
  <parameter name="outputType" value="Conduit Interface" />
  <generatedFiles>
   <file
       path="/tmp/arc_875292257/alt9753_9134007550198864080.dir/0052_hbm_0_gen/qii/ip/ed_synth/ed_synth_reset_release_ip/altera_s10_user_rst_clkgate_1947/synth/altera_s10_user_rst_clkgate.sv"
       attributes="TOP_LEVEL_FILE" />
   <file
       path="/tmp/arc_875292257/alt9753_9134007550198864080.dir/0052_hbm_0_gen/qii/ip/ed_synth/ed_synth_reset_release_ip/altera_s10_user_rst_clkgate_1947/synth/altera_s10_user_rst_clkgate_s10.sdc"
       attributes="NO_AUTO_INSTANCE_DISCOVERY NO_SDC_PROMOTION" />
  </generatedFiles>
  <childGeneratedFiles>
   <file
       path="/tmp/arc_875292257/alt9753_9134007550198864080.dir/0052_hbm_0_gen/qii/ip/ed_synth/ed_synth_reset_release_ip/altera_s10_user_rst_clkgate_1947/synth/altera_s10_user_rst_clkgate.sv"
       attributes="TOP_LEVEL_FILE" />
   <file
       path="/tmp/arc_875292257/alt9753_9134007550198864080.dir/0052_hbm_0_gen/qii/ip/ed_synth/ed_synth_reset_release_ip/altera_s10_user_rst_clkgate_1947/synth/altera_s10_user_rst_clkgate_s10.sdc"
       attributes="NO_AUTO_INSTANCE_DISCOVERY NO_SDC_PROMOTION" />
  </childGeneratedFiles>
  <sourceFiles>
   <file
       path="/nfs/site/disks/swbld_archive_4/acds/23.4/79/linux64/ip/altera/pgm/altera_s10_user_rst_clkgate/altera_s10_user_rst_clkgate_hw.tcl" />
  </sourceFiles>
  <childSourceFiles/>
  <instantiator instantiator="ed_synth_reset_release_ip" as="reset_release_ip" />
  <messages>
   <message level="Info" culprit="ed_synth_reset_release_ip">"Generating: altera_s10_user_rst_clkgate"</message>
   <message level="Info" culprit="reset_release_ip">generating top-level entity altera_s10_user_rst_clkgate</message>
  </messages>
 </entity>
</deploy>
