<?xml version="1.0" encoding="UTF-8"?>
<deploy
 date="2022.08.29.08:13:46"
 outputDirectory="/nfs/site/disks/psg_data_14/kweldon/design_files/examples/hbm_simulation/qsys/ip/qsys_top/qsys_top_reset_in/">
 <perimeter>
  <parameter
     name="AUTO_GENERATION_ID"
     type="Integer"
     defaultValue="0"
     onHdl="0"
     affectsHdl="1" />
  <parameter
     name="AUTO_UNIQUE_ID"
     type="String"
     defaultValue=""
     onHdl="0"
     affectsHdl="1" />
  <parameter
     name="AUTO_DEVICE_FAMILY"
     type="String"
     defaultValue="Stratix 10"
     onHdl="0"
     affectsHdl="1" />
  <parameter
     name="AUTO_DEVICE"
     type="String"
     defaultValue="1SM21CHU2F53E2VG"
     onHdl="0"
     affectsHdl="1" />
  <parameter
     name="AUTO_DEVICE_SPEEDGRADE"
     type="String"
     defaultValue="2"
     onHdl="0"
     affectsHdl="1" />
  <parameter
     name="AUTO_CLK_CLOCK_RATE"
     type="Long"
     defaultValue="-1"
     onHdl="0"
     affectsHdl="1" />
  <parameter
     name="AUTO_CLK_CLOCK_DOMAIN"
     type="Integer"
     defaultValue="-1"
     onHdl="0"
     affectsHdl="1" />
  <parameter
     name="AUTO_CLK_RESET_DOMAIN"
     type="Integer"
     defaultValue="-1"
     onHdl="0"
     affectsHdl="1" />
  <interface name="clk" kind="clock" start="0">
   <property name="clockRate" value="0" />
   <property name="externallyDriven" value="false" />
   <property name="ptfSchematicName" value="" />
   <port name="clk" direction="input" role="clk" width="1" />
  </interface>
  <interface name="in_reset" kind="reset" start="0">
   <property name="associatedClock" value="clk" />
   <property name="synchronousEdges" value="DEASSERT" />
   <port name="in_reset" direction="input" role="reset" width="1" />
  </interface>
  <interface name="out_reset" kind="reset" start="1">
   <property name="associatedClock" value="clk" />
   <property name="associatedDirectReset" value="in_reset" />
   <property name="associatedResetSinks" value="in_reset" />
   <property name="synchronousEdges" value="DEASSERT" />
   <port name="out_reset" direction="output" role="reset" width="1" />
  </interface>
 </perimeter>
 <entity kind="qsys_top_reset_in" version="1.0" name="qsys_top_reset_in">
  <parameter name="AUTO_CLK_CLOCK_RATE" value="-1" />
  <parameter name="AUTO_GENERATION_ID" value="0" />
  <parameter name="AUTO_DEVICE" value="1SM21CHU2F53E2VG" />
  <parameter name="AUTO_DEVICE_FAMILY" value="Stratix 10" />
  <parameter name="AUTO_CLK_RESET_DOMAIN" value="-1" />
  <parameter name="AUTO_CLK_CLOCK_DOMAIN" value="-1" />
  <parameter name="AUTO_UNIQUE_ID" value="" />
  <parameter name="AUTO_DEVICE_SPEEDGRADE" value="2" />
  <generatedFiles>
   <file
       path="/nfs/site/disks/psg_data_14/kweldon/design_files/examples/hbm_simulation/qsys/ip/qsys_top/qsys_top_reset_in/synth/qsys_top_reset_in.v"
       attributes="CONTAINS_INLINE_CONFIGURATION" />
  </generatedFiles>
  <childGeneratedFiles>
   <file
       path="/nfs/site/disks/psg_data_14/kweldon/design_files/examples/hbm_simulation/qsys/ip/qsys_top/qsys_top_reset_in/synth/qsys_top_reset_in.v"
       attributes="CONTAINS_INLINE_CONFIGURATION" />
  </childGeneratedFiles>
  <sourceFiles>
   <file
       path="/nfs/site/disks/psg_data_14/kweldon/design_files/examples/hbm_simulation/qsys/ip/qsys_top/qsys_top_reset_in.ip" />
  </sourceFiles>
  <childSourceFiles/>
  <messages>
   <message level="Info" culprit="qsys_top_reset_in">"Generating: qsys_top_reset_in"</message>
  </messages>
 </entity>
</deploy>
