# system info ed_synth_hbm_0_example_design on 2024.08.06.10:48:18
system_info:
name,value
DEVICE,1SM21CHU2F53E2VG
DEVICE_FAMILY,Stratix 10
GENERATION_ID,0
#
#
# Files generated for ed_synth_hbm_0_example_design on 2024.08.06.10:48:18
files:
filepath,kind,attributes,module,is_top
sim/ed_synth_hbm_0_example_design.v,VERILOG,CONTAINS_INLINE_CONFIGURATION,ed_synth_hbm_0_example_design,true
altera_hbm_1961/sim/ed_synth_hbm_0_example_design_altera_hbm_1961_pzk6v5q.v,VERILOG,CONTAINS_INLINE_CONFIGURATION,ed_synth_hbm_0_example_design_altera_hbm_1961_pzk6v5q,false
altera_abstract_uib_191/sim/rtl/altera_hbm_arch_nd_pll_ed_synth_hbm_0_example_design_altera_abstract_uib_191_2l27sty.sv,SYSTEM_VERILOG,,ed_synth_hbm_0_example_design_altera_abstract_uib_191_2l27sty,false
altera_abstract_uib_191/sim/ed_synth_hbm_0_example_design_altera_abstract_uib_191_2l27sty_seq_params_sim.hex,HEX,,ed_synth_hbm_0_example_design_altera_abstract_uib_191_2l27sty,false
altera_abstract_uib_191/sim/ed_synth_hbm_0_example_design_altera_abstract_uib_191_2l27sty_seq_params_sim.txt,OTHER,,ed_synth_hbm_0_example_design_altera_abstract_uib_191_2l27sty,false
altera_abstract_uib_191/sim/ed_synth_hbm_0_example_design_altera_abstract_uib_191_2l27sty_uibssm_sim.hex,HEX,,ed_synth_hbm_0_example_design_altera_abstract_uib_191_2l27sty,false
altera_abstract_uib_191/sim/ed_synth_hbm_0_example_design_altera_abstract_uib_191_2l27sty_seq_params_synth.hex,HEX,,ed_synth_hbm_0_example_design_altera_abstract_uib_191_2l27sty,false
altera_abstract_uib_191/sim/ed_synth_hbm_0_example_design_altera_abstract_uib_191_2l27sty_seq_params_synth.txt,OTHER,,ed_synth_hbm_0_example_design_altera_abstract_uib_191_2l27sty,false
altera_abstract_uib_191/sim/ed_synth_hbm_0_example_design_altera_abstract_uib_191_2l27sty_uibssm_synth.hex,HEX,,ed_synth_hbm_0_example_design_altera_abstract_uib_191_2l27sty,false
altera_abstract_uib_191/sim/ed_synth_hbm_0_example_design_altera_abstract_uib_191_2l27sty_top.sv,SYSTEM_VERILOG,,ed_synth_hbm_0_example_design_altera_abstract_uib_191_2l27sty,false
altera_abstract_uib_191/sim/ed_synth_hbm_0_example_design_altera_abstract_uib_191_2l27sty_uibssm.sv,SYSTEM_VERILOG,,ed_synth_hbm_0_example_design_altera_abstract_uib_191_2l27sty,false
altera_abstract_uib_191/sim/ed_synth_hbm_0_example_design_altera_abstract_uib_191_2l27sty.sv,SYSTEM_VERILOG,,ed_synth_hbm_0_example_design_altera_abstract_uib_191_2l27sty,false
altera_abstract_uib_191/sim/mentor/altera_abstract_uib_reset_sync.v,VERILOG_ENCRYPT,MENTOR_SPECIFIC,ed_synth_hbm_0_example_design_altera_abstract_uib_191_2l27sty,false
altera_abstract_uib_191/sim/aldec/altera_abstract_uib_reset_sync.v,VERILOG_ENCRYPT,ALDEC_SPECIFIC,ed_synth_hbm_0_example_design_altera_abstract_uib_191_2l27sty,false
altera_abstract_uib_191/sim/synopsys/altera_abstract_uib_reset_sync.v,VERILOG_ENCRYPT,SYNOPSYS_SPECIFIC,ed_synth_hbm_0_example_design_altera_abstract_uib_191_2l27sty,false
altera_abstract_uib_191/sim/cadence/altera_abstract_uib_reset_sync.v,VERILOG_ENCRYPT,CADENCE_SPECIFIC,ed_synth_hbm_0_example_design_altera_abstract_uib_191_2l27sty,false
altera_abstract_uib_191/sim/mentor/altera_clkbuf.v,VERILOG_ENCRYPT,MENTOR_SPECIFIC,ed_synth_hbm_0_example_design_altera_abstract_uib_191_2l27sty,false
altera_abstract_uib_191/sim/aldec/altera_clkbuf.v,VERILOG_ENCRYPT,ALDEC_SPECIFIC,ed_synth_hbm_0_example_design_altera_abstract_uib_191_2l27sty,false
altera_abstract_uib_191/sim/synopsys/altera_clkbuf.v,VERILOG_ENCRYPT,SYNOPSYS_SPECIFIC,ed_synth_hbm_0_example_design_altera_abstract_uib_191_2l27sty,false
altera_abstract_uib_191/sim/cadence/altera_clkbuf.v,VERILOG_ENCRYPT,CADENCE_SPECIFIC,ed_synth_hbm_0_example_design_altera_abstract_uib_191_2l27sty,false
altera_abstract_uib_191/sim/mentor/altera_hbm_reset_sequencer.v,VERILOG_ENCRYPT,MENTOR_SPECIFIC,ed_synth_hbm_0_example_design_altera_abstract_uib_191_2l27sty,false
altera_abstract_uib_191/sim/aldec/altera_hbm_reset_sequencer.v,VERILOG_ENCRYPT,ALDEC_SPECIFIC,ed_synth_hbm_0_example_design_altera_abstract_uib_191_2l27sty,false
altera_abstract_uib_191/sim/synopsys/altera_hbm_reset_sequencer.v,VERILOG_ENCRYPT,SYNOPSYS_SPECIFIC,ed_synth_hbm_0_example_design_altera_abstract_uib_191_2l27sty,false
altera_abstract_uib_191/sim/cadence/altera_hbm_reset_sequencer.v,VERILOG_ENCRYPT,CADENCE_SPECIFIC,ed_synth_hbm_0_example_design_altera_abstract_uib_191_2l27sty,false
altera_abstract_uib_191/sim/mentor/altera_reset_debounce.v,VERILOG_ENCRYPT,MENTOR_SPECIFIC,ed_synth_hbm_0_example_design_altera_abstract_uib_191_2l27sty,false
altera_abstract_uib_191/sim/aldec/altera_reset_debounce.v,VERILOG_ENCRYPT,ALDEC_SPECIFIC,ed_synth_hbm_0_example_design_altera_abstract_uib_191_2l27sty,false
altera_abstract_uib_191/sim/synopsys/altera_reset_debounce.v,VERILOG_ENCRYPT,SYNOPSYS_SPECIFIC,ed_synth_hbm_0_example_design_altera_abstract_uib_191_2l27sty,false
altera_abstract_uib_191/sim/cadence/altera_reset_debounce.v,VERILOG_ENCRYPT,CADENCE_SPECIFIC,ed_synth_hbm_0_example_design_altera_abstract_uib_191_2l27sty,false
altera_abstract_uib_191/sim/mentor/altera_two_one_mux.v,VERILOG_ENCRYPT,MENTOR_SPECIFIC,ed_synth_hbm_0_example_design_altera_abstract_uib_191_2l27sty,false
altera_abstract_uib_191/sim/aldec/altera_two_one_mux.v,VERILOG_ENCRYPT,ALDEC_SPECIFIC,ed_synth_hbm_0_example_design_altera_abstract_uib_191_2l27sty,false
altera_abstract_uib_191/sim/synopsys/altera_two_one_mux.v,VERILOG_ENCRYPT,SYNOPSYS_SPECIFIC,ed_synth_hbm_0_example_design_altera_abstract_uib_191_2l27sty,false
altera_abstract_uib_191/sim/cadence/altera_two_one_mux.v,VERILOG_ENCRYPT,CADENCE_SPECIFIC,ed_synth_hbm_0_example_design_altera_abstract_uib_191_2l27sty,false
altera_abstract_uib_191/sim/mentor/altera_two_one_obdatamux.v,VERILOG_ENCRYPT,MENTOR_SPECIFIC,ed_synth_hbm_0_example_design_altera_abstract_uib_191_2l27sty,false
altera_abstract_uib_191/sim/aldec/altera_two_one_obdatamux.v,VERILOG_ENCRYPT,ALDEC_SPECIFIC,ed_synth_hbm_0_example_design_altera_abstract_uib_191_2l27sty,false
altera_abstract_uib_191/sim/synopsys/altera_two_one_obdatamux.v,VERILOG_ENCRYPT,SYNOPSYS_SPECIFIC,ed_synth_hbm_0_example_design_altera_abstract_uib_191_2l27sty,false
altera_abstract_uib_191/sim/cadence/altera_two_one_obdatamux.v,VERILOG_ENCRYPT,CADENCE_SPECIFIC,ed_synth_hbm_0_example_design_altera_abstract_uib_191_2l27sty,false
altera_abstract_uib_191/sim/mentor/altera_ub48slice_ecc.v,VERILOG_ENCRYPT,MENTOR_SPECIFIC,ed_synth_hbm_0_example_design_altera_abstract_uib_191_2l27sty,false
altera_abstract_uib_191/sim/aldec/altera_ub48slice_ecc.v,VERILOG_ENCRYPT,ALDEC_SPECIFIC,ed_synth_hbm_0_example_design_altera_abstract_uib_191_2l27sty,false
altera_abstract_uib_191/sim/synopsys/altera_ub48slice_ecc.v,VERILOG_ENCRYPT,SYNOPSYS_SPECIFIC,ed_synth_hbm_0_example_design_altera_abstract_uib_191_2l27sty,false
altera_abstract_uib_191/sim/cadence/altera_ub48slice_ecc.v,VERILOG_ENCRYPT,CADENCE_SPECIFIC,ed_synth_hbm_0_example_design_altera_abstract_uib_191_2l27sty,false
altera_abstract_uib_191/sim/mentor/altera_ub48slice_ecc_dbi_par.v,VERILOG_ENCRYPT,MENTOR_SPECIFIC,ed_synth_hbm_0_example_design_altera_abstract_uib_191_2l27sty,false
altera_abstract_uib_191/sim/aldec/altera_ub48slice_ecc_dbi_par.v,VERILOG_ENCRYPT,ALDEC_SPECIFIC,ed_synth_hbm_0_example_design_altera_abstract_uib_191_2l27sty,false
altera_abstract_uib_191/sim/synopsys/altera_ub48slice_ecc_dbi_par.v,VERILOG_ENCRYPT,SYNOPSYS_SPECIFIC,ed_synth_hbm_0_example_design_altera_abstract_uib_191_2l27sty,false
altera_abstract_uib_191/sim/cadence/altera_ub48slice_ecc_dbi_par.v,VERILOG_ENCRYPT,CADENCE_SPECIFIC,ed_synth_hbm_0_example_design_altera_abstract_uib_191_2l27sty,false
altera_abstract_uib_191/sim/mentor/altera_ub48slice_ecc_decoder_64.v,VERILOG_ENCRYPT,MENTOR_SPECIFIC,ed_synth_hbm_0_example_design_altera_abstract_uib_191_2l27sty,false
altera_abstract_uib_191/sim/aldec/altera_ub48slice_ecc_decoder_64.v,VERILOG_ENCRYPT,ALDEC_SPECIFIC,ed_synth_hbm_0_example_design_altera_abstract_uib_191_2l27sty,false
altera_abstract_uib_191/sim/synopsys/altera_ub48slice_ecc_decoder_64.v,VERILOG_ENCRYPT,SYNOPSYS_SPECIFIC,ed_synth_hbm_0_example_design_altera_abstract_uib_191_2l27sty,false
altera_abstract_uib_191/sim/cadence/altera_ub48slice_ecc_decoder_64.v,VERILOG_ENCRYPT,CADENCE_SPECIFIC,ed_synth_hbm_0_example_design_altera_abstract_uib_191_2l27sty,false
altera_abstract_uib_191/sim/mentor/altera_ub48slice_ecc_decoder_64_altecc_decoder.v,VERILOG_ENCRYPT,MENTOR_SPECIFIC,ed_synth_hbm_0_example_design_altera_abstract_uib_191_2l27sty,false
altera_abstract_uib_191/sim/aldec/altera_ub48slice_ecc_decoder_64_altecc_decoder.v,VERILOG_ENCRYPT,ALDEC_SPECIFIC,ed_synth_hbm_0_example_design_altera_abstract_uib_191_2l27sty,false
altera_abstract_uib_191/sim/synopsys/altera_ub48slice_ecc_decoder_64_altecc_decoder.v,VERILOG_ENCRYPT,SYNOPSYS_SPECIFIC,ed_synth_hbm_0_example_design_altera_abstract_uib_191_2l27sty,false
altera_abstract_uib_191/sim/cadence/altera_ub48slice_ecc_decoder_64_altecc_decoder.v,VERILOG_ENCRYPT,CADENCE_SPECIFIC,ed_synth_hbm_0_example_design_altera_abstract_uib_191_2l27sty,false
altera_abstract_uib_191/sim/mentor/altera_ub48slice_ecc_decoder_64_decode.v,VERILOG_ENCRYPT,MENTOR_SPECIFIC,ed_synth_hbm_0_example_design_altera_abstract_uib_191_2l27sty,false
altera_abstract_uib_191/sim/aldec/altera_ub48slice_ecc_decoder_64_decode.v,VERILOG_ENCRYPT,ALDEC_SPECIFIC,ed_synth_hbm_0_example_design_altera_abstract_uib_191_2l27sty,false
altera_abstract_uib_191/sim/synopsys/altera_ub48slice_ecc_decoder_64_decode.v,VERILOG_ENCRYPT,SYNOPSYS_SPECIFIC,ed_synth_hbm_0_example_design_altera_abstract_uib_191_2l27sty,false
altera_abstract_uib_191/sim/cadence/altera_ub48slice_ecc_decoder_64_decode.v,VERILOG_ENCRYPT,CADENCE_SPECIFIC,ed_synth_hbm_0_example_design_altera_abstract_uib_191_2l27sty,false
altera_abstract_uib_191/sim/mentor/altera_ub48slice_ecc_encoder_64.v,VERILOG_ENCRYPT,MENTOR_SPECIFIC,ed_synth_hbm_0_example_design_altera_abstract_uib_191_2l27sty,false
altera_abstract_uib_191/sim/aldec/altera_ub48slice_ecc_encoder_64.v,VERILOG_ENCRYPT,ALDEC_SPECIFIC,ed_synth_hbm_0_example_design_altera_abstract_uib_191_2l27sty,false
altera_abstract_uib_191/sim/synopsys/altera_ub48slice_ecc_encoder_64.v,VERILOG_ENCRYPT,SYNOPSYS_SPECIFIC,ed_synth_hbm_0_example_design_altera_abstract_uib_191_2l27sty,false
altera_abstract_uib_191/sim/cadence/altera_ub48slice_ecc_encoder_64.v,VERILOG_ENCRYPT,CADENCE_SPECIFIC,ed_synth_hbm_0_example_design_altera_abstract_uib_191_2l27sty,false
altera_abstract_uib_191/sim/mentor/altera_ub48slice_ecc_encoder_64_altecc_encoder.v,VERILOG_ENCRYPT,MENTOR_SPECIFIC,ed_synth_hbm_0_example_design_altera_abstract_uib_191_2l27sty,false
altera_abstract_uib_191/sim/aldec/altera_ub48slice_ecc_encoder_64_altecc_encoder.v,VERILOG_ENCRYPT,ALDEC_SPECIFIC,ed_synth_hbm_0_example_design_altera_abstract_uib_191_2l27sty,false
altera_abstract_uib_191/sim/synopsys/altera_ub48slice_ecc_encoder_64_altecc_encoder.v,VERILOG_ENCRYPT,SYNOPSYS_SPECIFIC,ed_synth_hbm_0_example_design_altera_abstract_uib_191_2l27sty,false
altera_abstract_uib_191/sim/cadence/altera_ub48slice_ecc_encoder_64_altecc_encoder.v,VERILOG_ENCRYPT,CADENCE_SPECIFIC,ed_synth_hbm_0_example_design_altera_abstract_uib_191_2l27sty,false
altera_abstract_uib_191/sim/mentor/altera_ub48slice_mp_reg.v,VERILOG_ENCRYPT,MENTOR_SPECIFIC,ed_synth_hbm_0_example_design_altera_abstract_uib_191_2l27sty,false
altera_abstract_uib_191/sim/aldec/altera_ub48slice_mp_reg.v,VERILOG_ENCRYPT,ALDEC_SPECIFIC,ed_synth_hbm_0_example_design_altera_abstract_uib_191_2l27sty,false
altera_abstract_uib_191/sim/synopsys/altera_ub48slice_mp_reg.v,VERILOG_ENCRYPT,SYNOPSYS_SPECIFIC,ed_synth_hbm_0_example_design_altera_abstract_uib_191_2l27sty,false
altera_abstract_uib_191/sim/cadence/altera_ub48slice_mp_reg.v,VERILOG_ENCRYPT,CADENCE_SPECIFIC,ed_synth_hbm_0_example_design_altera_abstract_uib_191_2l27sty,false
altera_abstract_uib_191/sim/mentor/altera_ub48slice_parity.v,VERILOG_ENCRYPT,MENTOR_SPECIFIC,ed_synth_hbm_0_example_design_altera_abstract_uib_191_2l27sty,false
altera_abstract_uib_191/sim/aldec/altera_ub48slice_parity.v,VERILOG_ENCRYPT,ALDEC_SPECIFIC,ed_synth_hbm_0_example_design_altera_abstract_uib_191_2l27sty,false
altera_abstract_uib_191/sim/synopsys/altera_ub48slice_parity.v,VERILOG_ENCRYPT,SYNOPSYS_SPECIFIC,ed_synth_hbm_0_example_design_altera_abstract_uib_191_2l27sty,false
altera_abstract_uib_191/sim/cadence/altera_ub48slice_parity.v,VERILOG_ENCRYPT,CADENCE_SPECIFIC,ed_synth_hbm_0_example_design_altera_abstract_uib_191_2l27sty,false
altera_abstract_uib_191/sim/mentor/altera_ub48slice_parity_gen.v,VERILOG_ENCRYPT,MENTOR_SPECIFIC,ed_synth_hbm_0_example_design_altera_abstract_uib_191_2l27sty,false
altera_abstract_uib_191/sim/aldec/altera_ub48slice_parity_gen.v,VERILOG_ENCRYPT,ALDEC_SPECIFIC,ed_synth_hbm_0_example_design_altera_abstract_uib_191_2l27sty,false
altera_abstract_uib_191/sim/synopsys/altera_ub48slice_parity_gen.v,VERILOG_ENCRYPT,SYNOPSYS_SPECIFIC,ed_synth_hbm_0_example_design_altera_abstract_uib_191_2l27sty,false
altera_abstract_uib_191/sim/cadence/altera_ub48slice_parity_gen.v,VERILOG_ENCRYPT,CADENCE_SPECIFIC,ed_synth_hbm_0_example_design_altera_abstract_uib_191_2l27sty,false
altera_abstract_uib_191/sim/mentor/altera_ub48slice_rx_parity.v,VERILOG_ENCRYPT,MENTOR_SPECIFIC,ed_synth_hbm_0_example_design_altera_abstract_uib_191_2l27sty,false
altera_abstract_uib_191/sim/aldec/altera_ub48slice_rx_parity.v,VERILOG_ENCRYPT,ALDEC_SPECIFIC,ed_synth_hbm_0_example_design_altera_abstract_uib_191_2l27sty,false
altera_abstract_uib_191/sim/synopsys/altera_ub48slice_rx_parity.v,VERILOG_ENCRYPT,SYNOPSYS_SPECIFIC,ed_synth_hbm_0_example_design_altera_abstract_uib_191_2l27sty,false
altera_abstract_uib_191/sim/cadence/altera_ub48slice_rx_parity.v,VERILOG_ENCRYPT,CADENCE_SPECIFIC,ed_synth_hbm_0_example_design_altera_abstract_uib_191_2l27sty,false
altera_abstract_uib_191/sim/mentor/altera_ub48slice_rx_parity_gen.v,VERILOG_ENCRYPT,MENTOR_SPECIFIC,ed_synth_hbm_0_example_design_altera_abstract_uib_191_2l27sty,false
altera_abstract_uib_191/sim/aldec/altera_ub48slice_rx_parity_gen.v,VERILOG_ENCRYPT,ALDEC_SPECIFIC,ed_synth_hbm_0_example_design_altera_abstract_uib_191_2l27sty,false
altera_abstract_uib_191/sim/synopsys/altera_ub48slice_rx_parity_gen.v,VERILOG_ENCRYPT,SYNOPSYS_SPECIFIC,ed_synth_hbm_0_example_design_altera_abstract_uib_191_2l27sty,false
altera_abstract_uib_191/sim/cadence/altera_ub48slice_rx_parity_gen.v,VERILOG_ENCRYPT,CADENCE_SPECIFIC,ed_synth_hbm_0_example_design_altera_abstract_uib_191_2l27sty,false
altera_abstract_uib_191/sim/mentor/altera_ub48slicedbi.v,VERILOG_ENCRYPT,MENTOR_SPECIFIC,ed_synth_hbm_0_example_design_altera_abstract_uib_191_2l27sty,false
altera_abstract_uib_191/sim/aldec/altera_ub48slicedbi.v,VERILOG_ENCRYPT,ALDEC_SPECIFIC,ed_synth_hbm_0_example_design_altera_abstract_uib_191_2l27sty,false
altera_abstract_uib_191/sim/synopsys/altera_ub48slicedbi.v,VERILOG_ENCRYPT,SYNOPSYS_SPECIFIC,ed_synth_hbm_0_example_design_altera_abstract_uib_191_2l27sty,false
altera_abstract_uib_191/sim/cadence/altera_ub48slicedbi.v,VERILOG_ENCRYPT,CADENCE_SPECIFIC,ed_synth_hbm_0_example_design_altera_abstract_uib_191_2l27sty,false
altera_abstract_uib_191/sim/mentor/altera_ub48slicedbi_comparator.v,VERILOG_ENCRYPT,MENTOR_SPECIFIC,ed_synth_hbm_0_example_design_altera_abstract_uib_191_2l27sty,false
altera_abstract_uib_191/sim/aldec/altera_ub48slicedbi_comparator.v,VERILOG_ENCRYPT,ALDEC_SPECIFIC,ed_synth_hbm_0_example_design_altera_abstract_uib_191_2l27sty,false
altera_abstract_uib_191/sim/synopsys/altera_ub48slicedbi_comparator.v,VERILOG_ENCRYPT,SYNOPSYS_SPECIFIC,ed_synth_hbm_0_example_design_altera_abstract_uib_191_2l27sty,false
altera_abstract_uib_191/sim/cadence/altera_ub48slicedbi_comparator.v,VERILOG_ENCRYPT,CADENCE_SPECIFIC,ed_synth_hbm_0_example_design_altera_abstract_uib_191_2l27sty,false
altera_abstract_uib_191/sim/mentor/altera_ub48slicedbi_lane.v,VERILOG_ENCRYPT,MENTOR_SPECIFIC,ed_synth_hbm_0_example_design_altera_abstract_uib_191_2l27sty,false
altera_abstract_uib_191/sim/aldec/altera_ub48slicedbi_lane.v,VERILOG_ENCRYPT,ALDEC_SPECIFIC,ed_synth_hbm_0_example_design_altera_abstract_uib_191_2l27sty,false
altera_abstract_uib_191/sim/synopsys/altera_ub48slicedbi_lane.v,VERILOG_ENCRYPT,SYNOPSYS_SPECIFIC,ed_synth_hbm_0_example_design_altera_abstract_uib_191_2l27sty,false
altera_abstract_uib_191/sim/cadence/altera_ub48slicedbi_lane.v,VERILOG_ENCRYPT,CADENCE_SPECIFIC,ed_synth_hbm_0_example_design_altera_abstract_uib_191_2l27sty,false
altera_abstract_uib_191/sim/mentor/altera_abstract_uib_gpio_ms.sv,SYSTEM_VERILOG_ENCRYPT,MENTOR_SPECIFIC,ed_synth_hbm_0_example_design_altera_abstract_uib_191_2l27sty,false
altera_abstract_uib_191/sim/aldec/altera_abstract_uib_gpio_ms.sv,SYSTEM_VERILOG_ENCRYPT,ALDEC_SPECIFIC,ed_synth_hbm_0_example_design_altera_abstract_uib_191_2l27sty,false
altera_abstract_uib_191/sim/synopsys/altera_abstract_uib_gpio_ms.sv,SYSTEM_VERILOG_ENCRYPT,SYNOPSYS_SPECIFIC,ed_synth_hbm_0_example_design_altera_abstract_uib_191_2l27sty,false
altera_abstract_uib_191/sim/cadence/altera_abstract_uib_gpio_ms.sv,SYSTEM_VERILOG_ENCRYPT,CADENCE_SPECIFIC,ed_synth_hbm_0_example_design_altera_abstract_uib_191_2l27sty,false
altera_abstract_uib_191/sim/mentor/altera_abstract_uib_hbm.sv,SYSTEM_VERILOG_ENCRYPT,MENTOR_SPECIFIC,ed_synth_hbm_0_example_design_altera_abstract_uib_191_2l27sty,false
altera_abstract_uib_191/sim/aldec/altera_abstract_uib_hbm.sv,SYSTEM_VERILOG_ENCRYPT,ALDEC_SPECIFIC,ed_synth_hbm_0_example_design_altera_abstract_uib_191_2l27sty,false
altera_abstract_uib_191/sim/synopsys/altera_abstract_uib_hbm.sv,SYSTEM_VERILOG_ENCRYPT,SYNOPSYS_SPECIFIC,ed_synth_hbm_0_example_design_altera_abstract_uib_191_2l27sty,false
altera_abstract_uib_191/sim/cadence/altera_abstract_uib_hbm.sv,SYSTEM_VERILOG_ENCRYPT,CADENCE_SPECIFIC,ed_synth_hbm_0_example_design_altera_abstract_uib_191_2l27sty,false
altera_abstract_uib_191/sim/mentor/altera_abstract_uib_inph_adpt.sv,SYSTEM_VERILOG_ENCRYPT,MENTOR_SPECIFIC,ed_synth_hbm_0_example_design_altera_abstract_uib_191_2l27sty,false
altera_abstract_uib_191/sim/aldec/altera_abstract_uib_inph_adpt.sv,SYSTEM_VERILOG_ENCRYPT,ALDEC_SPECIFIC,ed_synth_hbm_0_example_design_altera_abstract_uib_191_2l27sty,false
altera_abstract_uib_191/sim/synopsys/altera_abstract_uib_inph_adpt.sv,SYSTEM_VERILOG_ENCRYPT,SYNOPSYS_SPECIFIC,ed_synth_hbm_0_example_design_altera_abstract_uib_191_2l27sty,false
altera_abstract_uib_191/sim/cadence/altera_abstract_uib_inph_adpt.sv,SYSTEM_VERILOG_ENCRYPT,CADENCE_SPECIFIC,ed_synth_hbm_0_example_design_altera_abstract_uib_191_2l27sty,false
altera_abstract_uib_191/sim/mentor/altera_abstract_uib_ms.sv,SYSTEM_VERILOG_ENCRYPT,MENTOR_SPECIFIC,ed_synth_hbm_0_example_design_altera_abstract_uib_191_2l27sty,false
altera_abstract_uib_191/sim/aldec/altera_abstract_uib_ms.sv,SYSTEM_VERILOG_ENCRYPT,ALDEC_SPECIFIC,ed_synth_hbm_0_example_design_altera_abstract_uib_191_2l27sty,false
altera_abstract_uib_191/sim/synopsys/altera_abstract_uib_ms.sv,SYSTEM_VERILOG_ENCRYPT,SYNOPSYS_SPECIFIC,ed_synth_hbm_0_example_design_altera_abstract_uib_191_2l27sty,false
altera_abstract_uib_191/sim/cadence/altera_abstract_uib_ms.sv,SYSTEM_VERILOG_ENCRYPT,CADENCE_SPECIFIC,ed_synth_hbm_0_example_design_altera_abstract_uib_191_2l27sty,false
altera_abstract_uib_191/sim/mentor/altera_abstract_uib_nd4h_uib.sv,SYSTEM_VERILOG_ENCRYPT,MENTOR_SPECIFIC,ed_synth_hbm_0_example_design_altera_abstract_uib_191_2l27sty,false
altera_abstract_uib_191/sim/aldec/altera_abstract_uib_nd4h_uib.sv,SYSTEM_VERILOG_ENCRYPT,ALDEC_SPECIFIC,ed_synth_hbm_0_example_design_altera_abstract_uib_191_2l27sty,false
altera_abstract_uib_191/sim/synopsys/altera_abstract_uib_nd4h_uib.sv,SYSTEM_VERILOG_ENCRYPT,SYNOPSYS_SPECIFIC,ed_synth_hbm_0_example_design_altera_abstract_uib_191_2l27sty,false
altera_abstract_uib_191/sim/cadence/altera_abstract_uib_nd4h_uib.sv,SYSTEM_VERILOG_ENCRYPT,CADENCE_SPECIFIC,ed_synth_hbm_0_example_design_altera_abstract_uib_191_2l27sty,false
altera_abstract_uib_191/sim/mentor/altera_abstract_uib_outph_adpt.sv,SYSTEM_VERILOG_ENCRYPT,MENTOR_SPECIFIC,ed_synth_hbm_0_example_design_altera_abstract_uib_191_2l27sty,false
altera_abstract_uib_191/sim/aldec/altera_abstract_uib_outph_adpt.sv,SYSTEM_VERILOG_ENCRYPT,ALDEC_SPECIFIC,ed_synth_hbm_0_example_design_altera_abstract_uib_191_2l27sty,false
altera_abstract_uib_191/sim/synopsys/altera_abstract_uib_outph_adpt.sv,SYSTEM_VERILOG_ENCRYPT,SYNOPSYS_SPECIFIC,ed_synth_hbm_0_example_design_altera_abstract_uib_191_2l27sty,false
altera_abstract_uib_191/sim/cadence/altera_abstract_uib_outph_adpt.sv,SYSTEM_VERILOG_ENCRYPT,CADENCE_SPECIFIC,ed_synth_hbm_0_example_design_altera_abstract_uib_191_2l27sty,false
altera_abstract_uib_191/sim/mentor/altera_abstract_uib_outph_adpt_lraj.sv,SYSTEM_VERILOG_ENCRYPT,MENTOR_SPECIFIC,ed_synth_hbm_0_example_design_altera_abstract_uib_191_2l27sty,false
altera_abstract_uib_191/sim/aldec/altera_abstract_uib_outph_adpt_lraj.sv,SYSTEM_VERILOG_ENCRYPT,ALDEC_SPECIFIC,ed_synth_hbm_0_example_design_altera_abstract_uib_191_2l27sty,false
altera_abstract_uib_191/sim/synopsys/altera_abstract_uib_outph_adpt_lraj.sv,SYSTEM_VERILOG_ENCRYPT,SYNOPSYS_SPECIFIC,ed_synth_hbm_0_example_design_altera_abstract_uib_191_2l27sty,false
altera_abstract_uib_191/sim/cadence/altera_abstract_uib_outph_adpt_lraj.sv,SYSTEM_VERILOG_ENCRYPT,CADENCE_SPECIFIC,ed_synth_hbm_0_example_design_altera_abstract_uib_191_2l27sty,false
altera_abstract_uib_191/sim/mentor/altera_abstract_uib_pdio.sv,SYSTEM_VERILOG_ENCRYPT,MENTOR_SPECIFIC,ed_synth_hbm_0_example_design_altera_abstract_uib_191_2l27sty,false
altera_abstract_uib_191/sim/aldec/altera_abstract_uib_pdio.sv,SYSTEM_VERILOG_ENCRYPT,ALDEC_SPECIFIC,ed_synth_hbm_0_example_design_altera_abstract_uib_191_2l27sty,false
altera_abstract_uib_191/sim/synopsys/altera_abstract_uib_pdio.sv,SYSTEM_VERILOG_ENCRYPT,SYNOPSYS_SPECIFIC,ed_synth_hbm_0_example_design_altera_abstract_uib_191_2l27sty,false
altera_abstract_uib_191/sim/cadence/altera_abstract_uib_pdio.sv,SYSTEM_VERILOG_ENCRYPT,CADENCE_SPECIFIC,ed_synth_hbm_0_example_design_altera_abstract_uib_191_2l27sty,false
altera_abstract_uib_191/sim/mentor/altera_abstract_uib_phase_mux.sv,SYSTEM_VERILOG_ENCRYPT,MENTOR_SPECIFIC,ed_synth_hbm_0_example_design_altera_abstract_uib_191_2l27sty,false
altera_abstract_uib_191/sim/aldec/altera_abstract_uib_phase_mux.sv,SYSTEM_VERILOG_ENCRYPT,ALDEC_SPECIFIC,ed_synth_hbm_0_example_design_altera_abstract_uib_191_2l27sty,false
altera_abstract_uib_191/sim/synopsys/altera_abstract_uib_phase_mux.sv,SYSTEM_VERILOG_ENCRYPT,SYNOPSYS_SPECIFIC,ed_synth_hbm_0_example_design_altera_abstract_uib_191_2l27sty,false
altera_abstract_uib_191/sim/cadence/altera_abstract_uib_phase_mux.sv,SYSTEM_VERILOG_ENCRYPT,CADENCE_SPECIFIC,ed_synth_hbm_0_example_design_altera_abstract_uib_191_2l27sty,false
altera_abstract_uib_191/sim/mentor/altera_abstract_uib_phptr_ctrl.sv,SYSTEM_VERILOG_ENCRYPT,MENTOR_SPECIFIC,ed_synth_hbm_0_example_design_altera_abstract_uib_191_2l27sty,false
altera_abstract_uib_191/sim/aldec/altera_abstract_uib_phptr_ctrl.sv,SYSTEM_VERILOG_ENCRYPT,ALDEC_SPECIFIC,ed_synth_hbm_0_example_design_altera_abstract_uib_191_2l27sty,false
altera_abstract_uib_191/sim/synopsys/altera_abstract_uib_phptr_ctrl.sv,SYSTEM_VERILOG_ENCRYPT,SYNOPSYS_SPECIFIC,ed_synth_hbm_0_example_design_altera_abstract_uib_191_2l27sty,false
altera_abstract_uib_191/sim/cadence/altera_abstract_uib_phptr_ctrl.sv,SYSTEM_VERILOG_ENCRYPT,CADENCE_SPECIFIC,ed_synth_hbm_0_example_design_altera_abstract_uib_191_2l27sty,false
altera_abstract_uib_191/sim/mentor/altera_abstract_uib_psio.sv,SYSTEM_VERILOG_ENCRYPT,MENTOR_SPECIFIC,ed_synth_hbm_0_example_design_altera_abstract_uib_191_2l27sty,false
altera_abstract_uib_191/sim/aldec/altera_abstract_uib_psio.sv,SYSTEM_VERILOG_ENCRYPT,ALDEC_SPECIFIC,ed_synth_hbm_0_example_design_altera_abstract_uib_191_2l27sty,false
altera_abstract_uib_191/sim/synopsys/altera_abstract_uib_psio.sv,SYSTEM_VERILOG_ENCRYPT,SYNOPSYS_SPECIFIC,ed_synth_hbm_0_example_design_altera_abstract_uib_191_2l27sty,false
altera_abstract_uib_191/sim/cadence/altera_abstract_uib_psio.sv,SYSTEM_VERILOG_ENCRYPT,CADENCE_SPECIFIC,ed_synth_hbm_0_example_design_altera_abstract_uib_191_2l27sty,false
altera_abstract_uib_191/sim/mentor/altera_abstract_uib_psio_group.sv,SYSTEM_VERILOG_ENCRYPT,MENTOR_SPECIFIC,ed_synth_hbm_0_example_design_altera_abstract_uib_191_2l27sty,false
altera_abstract_uib_191/sim/aldec/altera_abstract_uib_psio_group.sv,SYSTEM_VERILOG_ENCRYPT,ALDEC_SPECIFIC,ed_synth_hbm_0_example_design_altera_abstract_uib_191_2l27sty,false
altera_abstract_uib_191/sim/synopsys/altera_abstract_uib_psio_group.sv,SYSTEM_VERILOG_ENCRYPT,SYNOPSYS_SPECIFIC,ed_synth_hbm_0_example_design_altera_abstract_uib_191_2l27sty,false
altera_abstract_uib_191/sim/cadence/altera_abstract_uib_psio_group.sv,SYSTEM_VERILOG_ENCRYPT,CADENCE_SPECIFIC,ed_synth_hbm_0_example_design_altera_abstract_uib_191_2l27sty,false
altera_abstract_uib_191/sim/mentor/altera_abstract_uib_ptr_gen.sv,SYSTEM_VERILOG_ENCRYPT,MENTOR_SPECIFIC,ed_synth_hbm_0_example_design_altera_abstract_uib_191_2l27sty,false
altera_abstract_uib_191/sim/aldec/altera_abstract_uib_ptr_gen.sv,SYSTEM_VERILOG_ENCRYPT,ALDEC_SPECIFIC,ed_synth_hbm_0_example_design_altera_abstract_uib_191_2l27sty,false
altera_abstract_uib_191/sim/synopsys/altera_abstract_uib_ptr_gen.sv,SYSTEM_VERILOG_ENCRYPT,SYNOPSYS_SPECIFIC,ed_synth_hbm_0_example_design_altera_abstract_uib_191_2l27sty,false
altera_abstract_uib_191/sim/cadence/altera_abstract_uib_ptr_gen.sv,SYSTEM_VERILOG_ENCRYPT,CADENCE_SPECIFIC,ed_synth_hbm_0_example_design_altera_abstract_uib_191_2l27sty,false
altera_abstract_uib_191/sim/mentor/altera_abstract_uib_read_fifo.sv,SYSTEM_VERILOG_ENCRYPT,MENTOR_SPECIFIC,ed_synth_hbm_0_example_design_altera_abstract_uib_191_2l27sty,false
altera_abstract_uib_191/sim/aldec/altera_abstract_uib_read_fifo.sv,SYSTEM_VERILOG_ENCRYPT,ALDEC_SPECIFIC,ed_synth_hbm_0_example_design_altera_abstract_uib_191_2l27sty,false
altera_abstract_uib_191/sim/synopsys/altera_abstract_uib_read_fifo.sv,SYSTEM_VERILOG_ENCRYPT,SYNOPSYS_SPECIFIC,ed_synth_hbm_0_example_design_altera_abstract_uib_191_2l27sty,false
altera_abstract_uib_191/sim/cadence/altera_abstract_uib_read_fifo.sv,SYSTEM_VERILOG_ENCRYPT,CADENCE_SPECIFIC,ed_synth_hbm_0_example_design_altera_abstract_uib_191_2l27sty,false
altera_abstract_uib_191/sim/mentor/altera_abstract_uib_ub48.sv,SYSTEM_VERILOG_ENCRYPT,MENTOR_SPECIFIC,ed_synth_hbm_0_example_design_altera_abstract_uib_191_2l27sty,false
altera_abstract_uib_191/sim/aldec/altera_abstract_uib_ub48.sv,SYSTEM_VERILOG_ENCRYPT,ALDEC_SPECIFIC,ed_synth_hbm_0_example_design_altera_abstract_uib_191_2l27sty,false
altera_abstract_uib_191/sim/synopsys/altera_abstract_uib_ub48.sv,SYSTEM_VERILOG_ENCRYPT,SYNOPSYS_SPECIFIC,ed_synth_hbm_0_example_design_altera_abstract_uib_191_2l27sty,false
altera_abstract_uib_191/sim/cadence/altera_abstract_uib_ub48.sv,SYSTEM_VERILOG_ENCRYPT,CADENCE_SPECIFIC,ed_synth_hbm_0_example_design_altera_abstract_uib_191_2l27sty,false
altera_abstract_uib_191/sim/mentor/altera_abstract_uib_ufi_adapter.sv,SYSTEM_VERILOG_ENCRYPT,MENTOR_SPECIFIC,ed_synth_hbm_0_example_design_altera_abstract_uib_191_2l27sty,false
altera_abstract_uib_191/sim/aldec/altera_abstract_uib_ufi_adapter.sv,SYSTEM_VERILOG_ENCRYPT,ALDEC_SPECIFIC,ed_synth_hbm_0_example_design_altera_abstract_uib_191_2l27sty,false
altera_abstract_uib_191/sim/synopsys/altera_abstract_uib_ufi_adapter.sv,SYSTEM_VERILOG_ENCRYPT,SYNOPSYS_SPECIFIC,ed_synth_hbm_0_example_design_altera_abstract_uib_191_2l27sty,false
altera_abstract_uib_191/sim/cadence/altera_abstract_uib_ufi_adapter.sv,SYSTEM_VERILOG_ENCRYPT,CADENCE_SPECIFIC,ed_synth_hbm_0_example_design_altera_abstract_uib_191_2l27sty,false
altera_abstract_uib_191/sim/mentor/altera_abstract_uib_uib.sv,SYSTEM_VERILOG_ENCRYPT,MENTOR_SPECIFIC,ed_synth_hbm_0_example_design_altera_abstract_uib_191_2l27sty,false
altera_abstract_uib_191/sim/aldec/altera_abstract_uib_uib.sv,SYSTEM_VERILOG_ENCRYPT,ALDEC_SPECIFIC,ed_synth_hbm_0_example_design_altera_abstract_uib_191_2l27sty,false
altera_abstract_uib_191/sim/synopsys/altera_abstract_uib_uib.sv,SYSTEM_VERILOG_ENCRYPT,SYNOPSYS_SPECIFIC,ed_synth_hbm_0_example_design_altera_abstract_uib_191_2l27sty,false
altera_abstract_uib_191/sim/cadence/altera_abstract_uib_uib.sv,SYSTEM_VERILOG_ENCRYPT,CADENCE_SPECIFIC,ed_synth_hbm_0_example_design_altera_abstract_uib_191_2l27sty,false
altera_abstract_uib_191/sim/mentor/altera_amm_1x_bridge.sv,SYSTEM_VERILOG_ENCRYPT,MENTOR_SPECIFIC,ed_synth_hbm_0_example_design_altera_abstract_uib_191_2l27sty,false
altera_abstract_uib_191/sim/aldec/altera_amm_1x_bridge.sv,SYSTEM_VERILOG_ENCRYPT,ALDEC_SPECIFIC,ed_synth_hbm_0_example_design_altera_abstract_uib_191_2l27sty,false
altera_abstract_uib_191/sim/synopsys/altera_amm_1x_bridge.sv,SYSTEM_VERILOG_ENCRYPT,SYNOPSYS_SPECIFIC,ed_synth_hbm_0_example_design_altera_abstract_uib_191_2l27sty,false
altera_abstract_uib_191/sim/cadence/altera_amm_1x_bridge.sv,SYSTEM_VERILOG_ENCRYPT,CADENCE_SPECIFIC,ed_synth_hbm_0_example_design_altera_abstract_uib_191_2l27sty,false
altera_abstract_uib_191/sim/mentor/altera_hbm_arch_nd4h_ufi.sv,SYSTEM_VERILOG_ENCRYPT,MENTOR_SPECIFIC,ed_synth_hbm_0_example_design_altera_abstract_uib_191_2l27sty,false
altera_abstract_uib_191/sim/aldec/altera_hbm_arch_nd4h_ufi.sv,SYSTEM_VERILOG_ENCRYPT,ALDEC_SPECIFIC,ed_synth_hbm_0_example_design_altera_abstract_uib_191_2l27sty,false
altera_abstract_uib_191/sim/synopsys/altera_hbm_arch_nd4h_ufi.sv,SYSTEM_VERILOG_ENCRYPT,SYNOPSYS_SPECIFIC,ed_synth_hbm_0_example_design_altera_abstract_uib_191_2l27sty,false
altera_abstract_uib_191/sim/cadence/altera_hbm_arch_nd4h_ufi.sv,SYSTEM_VERILOG_ENCRYPT,CADENCE_SPECIFIC,ed_synth_hbm_0_example_design_altera_abstract_uib_191_2l27sty,false
altera_abstract_uib_191/sim/mentor/altera_hbm_arch_nd4h_uib_io_phy.sv,SYSTEM_VERILOG_ENCRYPT,MENTOR_SPECIFIC,ed_synth_hbm_0_example_design_altera_abstract_uib_191_2l27sty,false
altera_abstract_uib_191/sim/aldec/altera_hbm_arch_nd4h_uib_io_phy.sv,SYSTEM_VERILOG_ENCRYPT,ALDEC_SPECIFIC,ed_synth_hbm_0_example_design_altera_abstract_uib_191_2l27sty,false
altera_abstract_uib_191/sim/synopsys/altera_hbm_arch_nd4h_uib_io_phy.sv,SYSTEM_VERILOG_ENCRYPT,SYNOPSYS_SPECIFIC,ed_synth_hbm_0_example_design_altera_abstract_uib_191_2l27sty,false
altera_abstract_uib_191/sim/cadence/altera_hbm_arch_nd4h_uib_io_phy.sv,SYSTEM_VERILOG_ENCRYPT,CADENCE_SPECIFIC,ed_synth_hbm_0_example_design_altera_abstract_uib_191_2l27sty,false
altera_abstract_uib_191/sim/mentor/altera_hbm_arch_nd_buf_udir_se_i.sv,SYSTEM_VERILOG_ENCRYPT,MENTOR_SPECIFIC,ed_synth_hbm_0_example_design_altera_abstract_uib_191_2l27sty,false
altera_abstract_uib_191/sim/aldec/altera_hbm_arch_nd_buf_udir_se_i.sv,SYSTEM_VERILOG_ENCRYPT,ALDEC_SPECIFIC,ed_synth_hbm_0_example_design_altera_abstract_uib_191_2l27sty,false
altera_abstract_uib_191/sim/synopsys/altera_hbm_arch_nd_buf_udir_se_i.sv,SYSTEM_VERILOG_ENCRYPT,SYNOPSYS_SPECIFIC,ed_synth_hbm_0_example_design_altera_abstract_uib_191_2l27sty,false
altera_abstract_uib_191/sim/cadence/altera_hbm_arch_nd_buf_udir_se_i.sv,SYSTEM_VERILOG_ENCRYPT,CADENCE_SPECIFIC,ed_synth_hbm_0_example_design_altera_abstract_uib_191_2l27sty,false
altera_abstract_uib_191/sim/mentor/altera_hbm_arch_nd_buf_udir_se_o.sv,SYSTEM_VERILOG_ENCRYPT,MENTOR_SPECIFIC,ed_synth_hbm_0_example_design_altera_abstract_uib_191_2l27sty,false
altera_abstract_uib_191/sim/aldec/altera_hbm_arch_nd_buf_udir_se_o.sv,SYSTEM_VERILOG_ENCRYPT,ALDEC_SPECIFIC,ed_synth_hbm_0_example_design_altera_abstract_uib_191_2l27sty,false
altera_abstract_uib_191/sim/synopsys/altera_hbm_arch_nd_buf_udir_se_o.sv,SYSTEM_VERILOG_ENCRYPT,SYNOPSYS_SPECIFIC,ed_synth_hbm_0_example_design_altera_abstract_uib_191_2l27sty,false
altera_abstract_uib_191/sim/cadence/altera_hbm_arch_nd_buf_udir_se_o.sv,SYSTEM_VERILOG_ENCRYPT,CADENCE_SPECIFIC,ed_synth_hbm_0_example_design_altera_abstract_uib_191_2l27sty,false
altera_abstract_uib_191/sim/mentor/altera_hbm_arch_nd_bufs.sv,SYSTEM_VERILOG_ENCRYPT,MENTOR_SPECIFIC,ed_synth_hbm_0_example_design_altera_abstract_uib_191_2l27sty,false
altera_abstract_uib_191/sim/aldec/altera_hbm_arch_nd_bufs.sv,SYSTEM_VERILOG_ENCRYPT,ALDEC_SPECIFIC,ed_synth_hbm_0_example_design_altera_abstract_uib_191_2l27sty,false
altera_abstract_uib_191/sim/synopsys/altera_hbm_arch_nd_bufs.sv,SYSTEM_VERILOG_ENCRYPT,SYNOPSYS_SPECIFIC,ed_synth_hbm_0_example_design_altera_abstract_uib_191_2l27sty,false
altera_abstract_uib_191/sim/cadence/altera_hbm_arch_nd_bufs.sv,SYSTEM_VERILOG_ENCRYPT,CADENCE_SPECIFIC,ed_synth_hbm_0_example_design_altera_abstract_uib_191_2l27sty,false
altera_abstract_uib_191/sim/mentor/altera_hbm_arch_nd_cpa.sv,SYSTEM_VERILOG_ENCRYPT,MENTOR_SPECIFIC,ed_synth_hbm_0_example_design_altera_abstract_uib_191_2l27sty,false
altera_abstract_uib_191/sim/aldec/altera_hbm_arch_nd_cpa.sv,SYSTEM_VERILOG_ENCRYPT,ALDEC_SPECIFIC,ed_synth_hbm_0_example_design_altera_abstract_uib_191_2l27sty,false
altera_abstract_uib_191/sim/synopsys/altera_hbm_arch_nd_cpa.sv,SYSTEM_VERILOG_ENCRYPT,SYNOPSYS_SPECIFIC,ed_synth_hbm_0_example_design_altera_abstract_uib_191_2l27sty,false
altera_abstract_uib_191/sim/cadence/altera_hbm_arch_nd_cpa.sv,SYSTEM_VERILOG_ENCRYPT,CADENCE_SPECIFIC,ed_synth_hbm_0_example_design_altera_abstract_uib_191_2l27sty,false
altera_abstract_uib_191/sim/mentor/altera_hbm_arch_nd_hbmc.sv,SYSTEM_VERILOG_ENCRYPT,MENTOR_SPECIFIC,ed_synth_hbm_0_example_design_altera_abstract_uib_191_2l27sty,false
altera_abstract_uib_191/sim/aldec/altera_hbm_arch_nd_hbmc.sv,SYSTEM_VERILOG_ENCRYPT,ALDEC_SPECIFIC,ed_synth_hbm_0_example_design_altera_abstract_uib_191_2l27sty,false
altera_abstract_uib_191/sim/synopsys/altera_hbm_arch_nd_hbmc.sv,SYSTEM_VERILOG_ENCRYPT,SYNOPSYS_SPECIFIC,ed_synth_hbm_0_example_design_altera_abstract_uib_191_2l27sty,false
altera_abstract_uib_191/sim/cadence/altera_hbm_arch_nd_hbmc.sv,SYSTEM_VERILOG_ENCRYPT,CADENCE_SPECIFIC,ed_synth_hbm_0_example_design_altera_abstract_uib_191_2l27sty,false
altera_abstract_uib_191/sim/mentor/altera_hbm_arch_nd_pll_fast_sim.sv,SYSTEM_VERILOG_ENCRYPT,MENTOR_SPECIFIC,ed_synth_hbm_0_example_design_altera_abstract_uib_191_2l27sty,false
altera_abstract_uib_191/sim/aldec/altera_hbm_arch_nd_pll_fast_sim.sv,SYSTEM_VERILOG_ENCRYPT,ALDEC_SPECIFIC,ed_synth_hbm_0_example_design_altera_abstract_uib_191_2l27sty,false
altera_abstract_uib_191/sim/synopsys/altera_hbm_arch_nd_pll_fast_sim.sv,SYSTEM_VERILOG_ENCRYPT,SYNOPSYS_SPECIFIC,ed_synth_hbm_0_example_design_altera_abstract_uib_191_2l27sty,false
altera_abstract_uib_191/sim/cadence/altera_hbm_arch_nd_pll_fast_sim.sv,SYSTEM_VERILOG_ENCRYPT,CADENCE_SPECIFIC,ed_synth_hbm_0_example_design_altera_abstract_uib_191_2l27sty,false
altera_abstract_uib_191/sim/mentor/altera_hbm_arch_nd_ufi.sv,SYSTEM_VERILOG_ENCRYPT,MENTOR_SPECIFIC,ed_synth_hbm_0_example_design_altera_abstract_uib_191_2l27sty,false
altera_abstract_uib_191/sim/aldec/altera_hbm_arch_nd_ufi.sv,SYSTEM_VERILOG_ENCRYPT,ALDEC_SPECIFIC,ed_synth_hbm_0_example_design_altera_abstract_uib_191_2l27sty,false
altera_abstract_uib_191/sim/synopsys/altera_hbm_arch_nd_ufi.sv,SYSTEM_VERILOG_ENCRYPT,SYNOPSYS_SPECIFIC,ed_synth_hbm_0_example_design_altera_abstract_uib_191_2l27sty,false
altera_abstract_uib_191/sim/cadence/altera_hbm_arch_nd_ufi.sv,SYSTEM_VERILOG_ENCRYPT,CADENCE_SPECIFIC,ed_synth_hbm_0_example_design_altera_abstract_uib_191_2l27sty,false
altera_abstract_uib_191/sim/mentor/altera_hbm_arch_nd_uib_io_phy.sv,SYSTEM_VERILOG_ENCRYPT,MENTOR_SPECIFIC,ed_synth_hbm_0_example_design_altera_abstract_uib_191_2l27sty,false
altera_abstract_uib_191/sim/aldec/altera_hbm_arch_nd_uib_io_phy.sv,SYSTEM_VERILOG_ENCRYPT,ALDEC_SPECIFIC,ed_synth_hbm_0_example_design_altera_abstract_uib_191_2l27sty,false
altera_abstract_uib_191/sim/synopsys/altera_hbm_arch_nd_uib_io_phy.sv,SYSTEM_VERILOG_ENCRYPT,SYNOPSYS_SPECIFIC,ed_synth_hbm_0_example_design_altera_abstract_uib_191_2l27sty,false
altera_abstract_uib_191/sim/cadence/altera_hbm_arch_nd_uib_io_phy.sv,SYSTEM_VERILOG_ENCRYPT,CADENCE_SPECIFIC,ed_synth_hbm_0_example_design_altera_abstract_uib_191_2l27sty,false
altera_abstract_uib_191/sim/mentor/altera_hbm_c2p_lcells.sv,SYSTEM_VERILOG_ENCRYPT,MENTOR_SPECIFIC,ed_synth_hbm_0_example_design_altera_abstract_uib_191_2l27sty,false
altera_abstract_uib_191/sim/aldec/altera_hbm_c2p_lcells.sv,SYSTEM_VERILOG_ENCRYPT,ALDEC_SPECIFIC,ed_synth_hbm_0_example_design_altera_abstract_uib_191_2l27sty,false
altera_abstract_uib_191/sim/synopsys/altera_hbm_c2p_lcells.sv,SYSTEM_VERILOG_ENCRYPT,SYNOPSYS_SPECIFIC,ed_synth_hbm_0_example_design_altera_abstract_uib_191_2l27sty,false
altera_abstract_uib_191/sim/cadence/altera_hbm_c2p_lcells.sv,SYSTEM_VERILOG_ENCRYPT,CADENCE_SPECIFIC,ed_synth_hbm_0_example_design_altera_abstract_uib_191_2l27sty,false
altera_avl_ufi_adapter_2240/sim/mentor/altera_avl_ufi_monitor.sv,SYSTEM_VERILOG_ENCRYPT,MENTOR_SPECIFIC,altera_avl_ufi_adapter,false
altera_avl_ufi_adapter_2240/sim/aldec/altera_avl_ufi_monitor.sv,SYSTEM_VERILOG_ENCRYPT,ALDEC_SPECIFIC,altera_avl_ufi_adapter,false
altera_avl_ufi_adapter_2240/sim/synopsys/altera_avl_ufi_monitor.sv,SYSTEM_VERILOG_ENCRYPT,SYNOPSYS_SPECIFIC,altera_avl_ufi_adapter,false
altera_avl_ufi_adapter_2240/sim/cadence/altera_avl_ufi_monitor.sv,SYSTEM_VERILOG_ENCRYPT,CADENCE_SPECIFIC,altera_avl_ufi_adapter,false
altera_avl_ufi_adapter_2240/sim/mentor/altera_avl_ufi_read_aligner.sv,SYSTEM_VERILOG_ENCRYPT,MENTOR_SPECIFIC,altera_avl_ufi_adapter,false
altera_avl_ufi_adapter_2240/sim/aldec/altera_avl_ufi_read_aligner.sv,SYSTEM_VERILOG_ENCRYPT,ALDEC_SPECIFIC,altera_avl_ufi_adapter,false
altera_avl_ufi_adapter_2240/sim/synopsys/altera_avl_ufi_read_aligner.sv,SYSTEM_VERILOG_ENCRYPT,SYNOPSYS_SPECIFIC,altera_avl_ufi_adapter,false
altera_avl_ufi_adapter_2240/sim/cadence/altera_avl_ufi_read_aligner.sv,SYSTEM_VERILOG_ENCRYPT,CADENCE_SPECIFIC,altera_avl_ufi_adapter,false
altera_avl_ufi_adapter_2240/sim/mentor/altera_avl_ufi_soft_logic.sv,SYSTEM_VERILOG_ENCRYPT,MENTOR_SPECIFIC,altera_avl_ufi_adapter,false
altera_avl_ufi_adapter_2240/sim/aldec/altera_avl_ufi_soft_logic.sv,SYSTEM_VERILOG_ENCRYPT,ALDEC_SPECIFIC,altera_avl_ufi_adapter,false
altera_avl_ufi_adapter_2240/sim/synopsys/altera_avl_ufi_soft_logic.sv,SYSTEM_VERILOG_ENCRYPT,SYNOPSYS_SPECIFIC,altera_avl_ufi_adapter,false
altera_avl_ufi_adapter_2240/sim/cadence/altera_avl_ufi_soft_logic.sv,SYSTEM_VERILOG_ENCRYPT,CADENCE_SPECIFIC,altera_avl_ufi_adapter,false
altera_avl_ufi_adapter_2240/sim/mentor/altera_avl_ufi_adapter.sv,SYSTEM_VERILOG_ENCRYPT,MENTOR_SPECIFIC,altera_avl_ufi_adapter,false
altera_avl_ufi_adapter_2240/sim/aldec/altera_avl_ufi_adapter.sv,SYSTEM_VERILOG_ENCRYPT,ALDEC_SPECIFIC,altera_avl_ufi_adapter,false
altera_avl_ufi_adapter_2240/sim/synopsys/altera_avl_ufi_adapter.sv,SYSTEM_VERILOG_ENCRYPT,SYNOPSYS_SPECIFIC,altera_avl_ufi_adapter,false
altera_avl_ufi_adapter_2240/sim/cadence/altera_avl_ufi_adapter.sv,SYSTEM_VERILOG_ENCRYPT,CADENCE_SPECIFIC,altera_avl_ufi_adapter,false
altera_abstract_uib_191/sim/ed_synth_hbm_0_example_design_altera_abstract_uib_altera_iopll_191_brxvpli.v,VERILOG,CONTAINS_INLINE_CONFIGURATION,ed_synth_hbm_0_example_design_altera_abstract_uib_altera_iopll_191_brxvpli,false
altera_iopll_1931/sim/ed_synth_hbm_0_example_design_altera_iopll_1931_y4r6rwi.vo,VERILOG,,ed_synth_hbm_0_example_design_altera_iopll_1931_y4r6rwi,false
altera_iopll_1931/sim/stratix10_altera_iopll.v,VERILOG,,ed_synth_hbm_0_example_design_altera_iopll_1931_y4r6rwi,false
#
# Map from instance-path to kind of module
instances:
instancePath,module
ed_synth_hbm_0_example_design.hbm_0_example_design,ed_synth_hbm_0_example_design_altera_hbm_1961_pzk6v5q
ed_synth_hbm_0_example_design.hbm_0_example_design.uib,ed_synth_hbm_0_example_design_altera_abstract_uib_191_2l27sty
ed_synth_hbm_0_example_design.hbm_0_example_design.uib.uibpll_inst,ed_synth_hbm_0_example_design_altera_abstract_uib_altera_iopll_191_brxvpli
ed_synth_hbm_0_example_design.hbm_0_example_design.uib.uibpll_inst.uibpll_inst,ed_synth_hbm_0_example_design_altera_iopll_1931_y4r6rwi
ed_synth_hbm_0_example_design.hbm_0_example_design.avl_ufi_adpt_0,altera_avl_ufi_adapter
